{"type":"FeatureCollection","fetched_at":"2026-08-27T17:24:10.618Z","features":[{"type":"Feature","geometry":{"type":"Point","coordinates":[11.957,51.723]},"properties":{"id":"8fc129d1-1835-48ce-9f2f-20b30d946a2e","name":"Wimex Rechenzentrum Köthen","operational_status":null,"construction_status":"planning","data_center_type":null,"has_protest":false,"size_floor_sqm":500000,"size_power_kw":null,"owner_type":null,"owner_country":null,"owner_country_flag":null,"estimated_total_energy_consumption_kwh":null,"source_attributes":{"data_center_name":"Wimex Rechenzentrum Köthen","owner_name":"Wimex GmbH","city":"Köthen (Anhalt)","postal_code":"06366","address":"Edderitzer Str.","construction_status":"planning","floor_space_sqm":"500000","sources":"https://www.datacenter-insider.de/wimex-sucht-in-koethen-frueh-das-gespraech-vor-dem-bebauungsplan-a-814421a810d441906237300ce74ab99a/|https://www.datacenter-insider.de/wimex-sucht-in-koethen-frueh-das-gespraech-vor-dem-bebauungsplan-a-814421a810d441906237300ce74ab99a/ || https://www.mz.de/lokal/koethen/rechenzentrum-mit-batteriespeicher-auf-flugplatz-in-kothen-warum-wimex-die-offentlichkeit-einbezieht-4284659|https://www.mz.de/lokal/koethen/rechenzentrum-mit-batteriespeicher-auf-flugplatz-in-kothen-warum-wimex-die-offentlichkeit-einbezieht-4284659"}}},{"type":"Feature","geometry":{"type":"Point","coordinates":[11.99090816,51.46113622]},"properties":{"id":"aec01e6b-e79a-4f5a-881d-865253f455f9","name":"DataHall Halle (Saale)","operational_status":null,"construction_status":"planning","data_center_type":null,"has_protest":false,"size_floor_sqm":null,"size_power_kw":4000,"owner_type":null,"owner_country":null,"owner_country_flag":null,"estimated_total_energy_consumption_kwh":null,"source_attributes":{"data_center_name":"DataHall Halle (Saale)","owner_name":"Datahall GmbH","city":"Halle (Saale)","postal_code":"06130","address":"Dieselstraße 141","construction_status":"planning","planned_commission_date":"2027-06-01","total_power_capacity_kw":"4000","sources":"https://www.datacenter-insider.de/datahall-plant-innovatives-energie-optimiertes-rechenzentrum-in-halle-a-0338de0998c5562544ef0ce798329506/|https://www.datacenter-insider.de/datahall-plant-innovatives-energie-optimiertes-rechenzentrum-in-halle-a-0338de0998c5562544ef0ce798329506/ || https://www.datacenterdynamics.com/en/news/germanys-datahall-plans-data-center-outside-leipzig/|https://www.datacenterdynamics.com/en/news/germanys-datahall-plans-data-center-outside-leipzig/ || https://datahall.de/|https://datahall.de/"}}},{"type":"Feature","geometry":{"type":"Point","coordinates":[8.5346,50.0912]},"properties":{"id":"c396a6e8-a70f-4629-b76c-be94900e52e9","name":"Campus in Höchst","operational_status":"planned","construction_status":"planning","data_center_type":"Hyperscale","has_protest":false,"size_floor_sqm":217000,"size_power_kw":358800,"owner_type":"Developer","owner_country":"United States","owner_country_flag":"🇺🇸","estimated_total_energy_consumption_kwh":1015459200,"source_attributes":{"data_center_name":"Campus in Höchst","operator_name":"Unknown","owner_name":"CloudHQ LLC","metro_region":"Frankfurt am Main West","city":"Höchst","postal_code":"65926","address":"Brüningstraße 50","operational_status":"planned","construction_status":"planning","data_center_type":"Hyperscale","planned_commission_date":"2027-12-31","owner_type":"Developer","owner_country":"United States","floor_space_sqm":"217000","estimated_total_power_capacity_kw":"358800","estimated_total_energy_consumption_kwh":"1015459200","sources":"Entwicklungsstadt|https://www.entwicklungsstadt.de/bau-des-cloud-hq-rechenzentrums-in-frankfurt-hoechst-startet-2026/"}}},{"type":"Feature","geometry":{"type":"Point","coordinates":[8.335899,49.99039826]},"properties":{"id":"b198569d-0f04-4069-a3d3-ed65087e3dc6","name":"Bischofsheim - Phase 2","operational_status":"planned","construction_status":"planning","data_center_type":"Hyperscale","has_protest":false,"size_floor_sqm":null,"size_power_kw":20000,"owner_type":"Developer","owner_country":"United Kingdom","owner_country_flag":"🇬🇧","estimated_total_energy_consumption_kwh":42048000,"source_attributes":{"data_center_name":"Bischofsheim - Phase 2","operator_name":"Unknown","owner_name":"Yondr","guessed_owner_or_investor":"Yondr","metro_region":"Frankfurt","city":"Bischofsheim","postal_code":"65474","operational_status":"planned","construction_status":"planning","data_center_type":"Hyperscale","owner_type":"Developer","owner_country":"United Kingdom","total_power_capacity_kw":"20000","estimated_total_energy_consumption_kwh":"42048000","sources":"datacenter-insider.de|https://www.datacenter-insider.de/yondr-nimmt-20-megawatt-rechenzentrum-bei-frankfurt-in-betrieb-a-1bd7792b5526937374a74d67d19df77c/"}}},{"type":"Feature","geometry":{"type":"Point","coordinates":[8.79000083,51.77786875]},"properties":{"id":"ee54d006-c3c8-4479-bca4-1f46699f5a12","name":"Bad Lippspringe - Phase 2","operational_status":"under_construction","construction_status":"groundbreaking","data_center_type":"Co-Location","has_protest":false,"size_floor_sqm":null,"size_power_kw":2000,"owner_type":"Investor","owner_country":"Germany","owner_country_flag":"🇩🇪","estimated_total_energy_consumption_kwh":2207520,"source_attributes":{"data_center_name":"Bad Lippspringe - Phase 2","operator_name":"YEXIO","owner_name":"Palladio Partners","guessed_owner_or_investor":"Yexio","metro_region":"Ostwestfalen-Lippe","city":"Bad Lippspringe","postal_code":"33175","operational_status":"under_construction","construction_status":"groundbreaking","data_center_type":"Co-Location","planned_commission_date":"2026-01-01","owner_type":"Investor","owner_country":"Germany","total_power_capacity_kw":"2000","estimated_total_energy_consumption_kwh":"2207520","sources":"datacenter-insider.de|https://www.datacenter-insider.de/spatenstich-fuer-yexio-datacenter-in-bad-lippspringe-a-ca25c0f252b5f4224498c561613be043/ || hochtief-pppsolutions.de|https://hochtief-pppsolutions.de/de/aktuelles/details/hochtief-und-palladio-partners-starten-bau-eines-yexio-rechenzentrums-in-bad-lippspringe || palladio-partners.com|https://www.palladio-partners.com/de/aktuelles/hochtief-und-palladio-partners-starten-bau-eines-yexio-rechenzentrums-in-bad-lippspringe/"}}},{"type":"Feature","geometry":{"type":"Point","coordinates":[10.695,48.0869]},"properties":{"id":"161190ce-b313-4d97-899b-536294dfbb6f","name":"AI Factory Amberg - Phase 2","operational_status":"planned","construction_status":"planning","data_center_type":"Hyperscale","has_protest":false,"size_floor_sqm":null,"size_power_kw":90000,"owner_type":"Investor","owner_country":"Germany","owner_country_flag":"🇩🇪","estimated_total_energy_consumption_kwh":236520000,"source_attributes":{"data_center_name":"AI Factory Amberg - Phase 2","operator_name":"Polarise Holding GmbH","owner_name":"SWI Capital Holding Ltd.","guessed_owner_or_investor":"Polarise","metro_region":"München","city":"Amberg (Wertachtal)","postal_code":"86854","operational_status":"planned","construction_status":"planning","data_center_type":"Hyperscale","planned_commission_date":"2027-01-01","owner_type":"Investor","owner_country":"Germany","total_power_capacity_kw":"90000","intended_use":"AI","estimated_total_energy_consumption_kwh":"236520000","sources":"press.siemens.com|https://press.siemens.com/de/de/pressemitteilung/siemens-errichtet-digitale-zukunftsfabrik-amberg || datacenter-insider.de|https://www.datacenter-insider.de/polarise-baut-ai-factory-im-unterallgaeu-a-37c7798a876ee7946b94837764285f64/ || kreisbote.de|https://www.kreisbote.de/lokales/allgaeu/in-unterallgaeuer-gemeinde-amberg-soll-ki-rechenzentrum-mit-enormer-kapazitaet-entstehen-94216828.html || onvista.de|https://www.onvista.de/news/2026/03-10-startup-polarise-plant-weiteres-milliardenschweres-ki-rechenzentrum-in-bayern-0-20-26487926"}}},{"type":"Feature","geometry":{"type":"Point","coordinates":[11.38096991,53.64787136]},"properties":{"id":"e8a57be6-e21c-4ff2-a2b9-86dd0636b354","name":"Schwerin","operational_status":"under_construction","construction_status":"foundation_laid","data_center_type":"Government","has_protest":false,"size_floor_sqm":750,"size_power_kw":170.625,"owner_type":"Government","owner_country":"Germany","owner_country_flag":"🇩🇪","estimated_total_energy_consumption_kwh":448402.5,"source_attributes":{"data_center_name":"Schwerin","operator_name":"DVZ-MV","owner_name":"DVZ-MV","guessed_owner_or_investor":"DVZ-MV","city":"Schwerin","operational_status":"under_construction","construction_status":"foundation_laid","data_center_type":"Government","planned_commission_date":"2027-01-01","owner_type":"Government","owner_country":"Germany","floor_space_sqm":"750","estimated_total_power_capacity_kw":"170.625","estimated_total_energy_consumption_kwh":"448402.5","sources":"instagram.com|https://www.instagram.com/p/DbJQk2ajyLT/ || facebook.com|https://www.facebook.com/dvz.mv/videos/-ein-wichtiger-meilenstein-f%C3%BCr-unser-neues-rechenzentrumgemeinsam-mit-rund-200-k/760628620373472/ || dvz-mv.de|https://www.dvz-mv.de/news/startschuss-fuer-neues-rechenzentrum || https://www.dvz-mv.de/kundenmagazin/facts-and-figures|https://www.dvz-mv.de/kundenmagazin/facts-and-figures || https://sdia.unternehmens.cloud/s/6FKABxg7fn9bqb8|https://sdia.unternehmens.cloud/s/6FKABxg7fn9bqb8"}}},{"type":"Feature","geometry":{"type":"Point","coordinates":[10.37242291,51.0025907]},"properties":{"id":"62d33040-ee28-4970-a0cc-a3b72749b941","name":"Blue Future Technologiegebiet","operational_status":"planned","construction_status":"planning","data_center_type":"Co-Location","has_protest":true,"size_floor_sqm":null,"size_power_kw":300000,"owner_type":"Developer","owner_country":"Germany","owner_country_flag":"🇩🇪","estimated_total_energy_consumption_kwh":88695000,"source_attributes":{"data_center_name":"Blue Future Technologiegebiet","operator_name":"Unknown","owner_name":"FAB Gesellschaft für die Gebietsentwicklung","guessed_owner_or_investor":"FAB Gesellschaft für die Gebietsentwicklung","metro_region":"Wartburgkreis/Eisenach","city":"Eisenach","postal_code":"99817","operational_status":"planned","construction_status":"planning","data_center_type":"Co-Location","owner_type":"Developer","owner_country":"Germany","total_power_capacity_kw":"300000","estimated_total_energy_consumption_kwh":"88695000","sources":"eisenach.de|https://www.eisenach.de/service/pressemitteilungen/pressemitteilung-im-detail/neues-rechenzentrum-oberbuergermeister-wirbt-fuer-investition/ || datacenter-insider.de|https://www.datacenter-insider.de/flaeche-fuer-hyperscale-rechenzentrum-in-eisenach-a-6b0bf5a8b6f5c791c8db16cc49c0da98/ || https://web.archive.org/web/20260606071823/https://eisenacher-aufbruch.de/wordpress/rechenzentrum-in-stockhausen-nein-danke/|https://web.archive.org/web/20260606071823/https://eisenacher-aufbruch.de/wordpress/rechenzentrum-in-stockhausen-nein-danke/"}}},{"type":"Feature","geometry":{"type":"Point","coordinates":[9.87248008,53.63513694]},"properties":{"id":"710eb9b3-a872-485f-8e7b-295c8b1baa8a","name":"dataR","operational_status":"under_construction","construction_status":"under_construction","data_center_type":"Co-Location","has_protest":false,"size_floor_sqm":2500,"size_power_kw":6000,"owner_type":"Operator","owner_country":"Germany","owner_country_flag":"🇩🇪","estimated_total_energy_consumption_kwh":21024000,"source_attributes":{"data_center_name":"dataR","operator_name":"dataR GmbH","owner_name":"X-Ion GmbH","guessed_owner_or_investor":"x-ion","metro_region":"Hamburg","city":"Rellingen","postal_code":"25462","operational_status":"under_construction","construction_status":"under_construction","data_center_type":"Co-Location","planned_commission_date":"2026-01-01","owner_type":"Operator","owner_country":"Germany","floor_space_sqm":"2500","total_power_capacity_kw":"6000","intended_use":"AI","estimated_total_energy_consumption_kwh":"21024000","sources":"datacenter-insider.de|https://www.datacenter-insider.de/datar-bei-hamburg-steht-kurz-vor-dem-start-a-e2609ea7e64cdac3a1399a0e46fb9fa3/ || ndr.de|https://www.ndr.de/nachrichten/schleswig-holstein/pinneberg_segeberg_stormarn/rechenzentrum-rellingen-ab-sommer-einsatzbereit,regionnorderstedtnews-1194.html"}}},{"type":"Feature","geometry":{"type":"Point","coordinates":[9.54216847,54.47637276]},"properties":{"id":"0badb8a1-1521-41c6-a01f-dee9648ee233","name":"Busdorf","operational_status":"planned","construction_status":"planning","data_center_type":"Co-Location","has_protest":false,"size_floor_sqm":null,"size_power_kw":150000,"owner_type":"Developer","owner_country":"Germany","owner_country_flag":"🇩🇪","estimated_total_energy_consumption_kwh":78840000,"source_attributes":{"data_center_name":"Busdorf","operator_name":"Unknown","owner_name":"Uniq Land","metro_region":"Schleswig/Flensburg","city":"Busdorf","postal_code":"24866","operational_status":"planned","construction_status":"planning","data_center_type":"Co-Location","planned_commission_date":"2029-01-01","owner_type":"Developer","owner_country":"Germany","total_power_capacity_kw":"150000","estimated_total_energy_consumption_kwh":"78840000","sources":"ndr.de|https://www.ndr.de/nachrichten/schleswig-holstein/rechenzentren-in-nordfriesland-das-planen-die-investoren,rechenzentrum-langenhorn-100.html"}}},{"type":"Feature","geometry":{"type":"Point","coordinates":[8.97233803,54.6948538]},"properties":{"id":"cf70810a-cdcd-457c-b16e-b568c62edb9e","name":"Langenhorn","operational_status":"planned","construction_status":"planning","data_center_type":"Co-Location","has_protest":true,"size_floor_sqm":null,"size_power_kw":150000,"owner_type":"Developer","owner_country":"Germany","owner_country_flag":"🇩🇪","estimated_total_energy_consumption_kwh":73584000,"source_attributes":{"data_center_name":"Langenhorn","operator_name":"Unknown","owner_name":"Uniq Land","guessed_owner_or_investor":"Uniq Land","metro_region":"Nordfriesland","city":"Langenhorn","postal_code":"25842","operational_status":"planned","construction_status":"planning","data_center_type":"Co-Location","planned_commission_date":"2029-01-01","owner_type":"Developer","owner_country":"Germany","total_power_capacity_kw":"150000","intended_use":"AI; Cloud","estimated_total_energy_consumption_kwh":"73584000","sources":"https://www.shz.de/lokales/bredstedt/artikel/geplantes-xxl-rechenzentrum-politik-vertagt-entscheidung-50826860|https://www.shz.de/lokales/bredstedt/artikel/geplantes-xxl-rechenzentrum-politik-vertagt-entscheidung-50826860 || shz.de|https://www.shz.de/lokales/bredstedt/artikel/rechenzentrum-in-nordfriesland-was-ist-zum-xxl-projekt-bekannt-50771756 || datacenter-insider.de|https://www.datacenter-insider.de/300-mw-rechenzentrums-campus-in-nordfriesland-geplant-a-510040b38fe786bdc5460afb048fe8f7/"}}},{"type":"Feature","geometry":{"type":"Point","coordinates":[9.4319582,54.5225519]},"properties":{"id":"95a9894f-3a23-4dcf-885a-7021271e748f","name":"Schuby","operational_status":"planned","construction_status":"planning","data_center_type":"Co-Location","has_protest":false,"size_floor_sqm":null,"size_power_kw":1400000,"owner_type":null,"owner_country":"Unknown","owner_country_flag":"🏳️","estimated_total_energy_consumption_kwh":171696000,"source_attributes":{"data_center_name":"Schuby","operator_name":"Unknown","owner_name":"Unknown","guessed_owner_or_investor":"North Storage und weiterer Betreiber aus Berlin als Projektier","metro_region":"Schleswig/Flensburg","city":"Schuby","postal_code":"24850","operational_status":"planned","construction_status":"planning","data_center_type":"Co-Location","owner_country":"Unknown","total_power_capacity_kw":"1400000","intended_use":"AI; Cloud","estimated_total_energy_consumption_kwh":"171696000","sources":"ndr.de|https://www.ndr.de/nachrichten/schleswig-holstein/rechenzentren-in-schuby-grosse-chancen-riesiger-strombedarf,schuby-104.html || schleswig.sitzung-online.de|https://www.schleswig.sitzung-online.de/public/to020?2--anlagenVoHeaderPanel-attachmentsList-1-attachment-link&TOLFDNR=1013234&SILFDNR=1001174 || https://www.schleswig.sitzung-online.de/public/to020?0--attachmentsVo-expandedPanel-content-body-rows-2-cells-2-cell-link&TOLFDNR=1013234&SILFDNR=1001174|https://www.schleswig.sitzung-online.de/public/to020?0--attachmentsVo-expandedPanel-content-body-rows-2-cells-2-cell-link&TOLFDNR=1013234&SILFDNR=1001174"}}},{"type":"Feature","geometry":{"type":"Point","coordinates":[10.70358696,53.8343287]},"properties":{"id":"d01cdcfe-6147-4eda-8c87-fd9ab9789eb6","name":"AnoMed","operational_status":"under_construction","construction_status":"under_construction","data_center_type":"University","has_protest":false,"size_floor_sqm":400,"size_power_kw":98,"owner_type":"University","owner_country":"Germany","owner_country_flag":"🇩🇪","estimated_total_energy_consumption_kwh":318864,"source_attributes":{"data_center_name":"AnoMed","operator_name":"Universität Lübeck","owner_name":"Universität Lübeck","guessed_owner_or_investor":"Universität Lübeck","metro_region":"Lübeck","city":"Lübeck","postal_code":"23562","operational_status":"under_construction","construction_status":"under_construction","data_center_type":"University","planned_commission_date":"2026-01-01","owner_type":"University","owner_country":"Germany","floor_space_sqm":"400","estimated_total_power_capacity_kw":"98","intended_use":"AI; Medizin","estimated_total_energy_consumption_kwh":"318864","sources":"datacenter-insider.de|https://www.datacenter-insider.de/luebeck-plant-ki-rechenzentrum-fuer-medizin-und-forschung-a-a04fdf8dbaa0b154e05dca7318427110/"}}},{"type":"Feature","geometry":{"type":"Point","coordinates":[11.54030702,51.44583368]},"properties":{"id":"4ce91a69-a9df-4153-a022-c4a4b1347964","name":"GreenRock Rothenschirmbach","operational_status":"planned","construction_status":"planning","data_center_type":"Co-Location","has_protest":true,"size_floor_sqm":95000,"size_power_kw":300000,"owner_type":"Developer","owner_country":"Germany","owner_country_flag":"🇩🇪","estimated_total_energy_consumption_kwh":147168000,"source_attributes":{"data_center_name":"GreenRock Rothenschirmbach","operator_name":"Unknown","owner_name":"GreenRock Real Estate GmbH","guessed_owner_or_investor":"GreenRock Real Estate GmbH","metro_region":"Halle/Leipizig","city":"Rothenschirmbach","postal_code":"06295","operational_status":"planned","construction_status":"planning","data_center_type":"Co-Location","owner_type":"Developer","owner_country":"Germany","floor_space_sqm":"95000","total_power_capacity_kw":"300000","estimated_total_energy_consumption_kwh":"147168000","sources":"greenrock.eu|https://greenrock.eu/wp-content/uploads/2026/02/2026-02-20_GreenRock_GR5_Presse.pdf"}}},{"type":"Feature","geometry":{"type":"Point","coordinates":[11.63523561,52.26272814]},"properties":{"id":"ac0abe08-19a0-429a-be74-c33171a9ec59","name":"Wolmirstedt","operational_status":"planned","construction_status":"planning","data_center_type":"Co-Location","has_protest":false,"size_floor_sqm":27000,"size_power_kw":5670,"owner_type":"Developer","owner_country":"Germany","owner_country_flag":"🇩🇪","estimated_total_energy_consumption_kwh":12417300,"source_attributes":{"data_center_name":"Wolmirstedt","operator_name":"Unknown","owner_name":"SBB Byte Fortress GmbH","guessed_owner_or_investor":"SBB Byte Fortress GmbH","metro_region":"Magdeburg","city":"Wolmirstedt","postal_code":"39326","operational_status":"planned","construction_status":"planning","data_center_type":"Co-Location","owner_type":"Developer","owner_country":"Germany","floor_space_sqm":"27000","estimated_total_power_capacity_kw":"5670","intended_use":"Batterie; Cloud","estimated_total_energy_consumption_kwh":"12417300","sources":"volksstimme.de|https://www.volksstimme.de/lokal/wolmirstedt/nachster-schritt-zum-rechenzentrum-4242394 || datacenter-insider.de|https://www.datacenter-insider.de/sbb-bytefortress-kuendigt-milliarden-rechenzentrum-in-sachsen-anhalt-an-a-7e35bd95ec0e88f57dac36c3abcd6c3b/?cflt=rdt"}}},{"type":"Feature","geometry":{"type":"Point","coordinates":[12.35609759,51.47097501]},"properties":{"id":"e37e9459-5a4e-4412-ad31-e32d0f16f5a4","name":"Zschortau-Rackwitz","operational_status":"planned","construction_status":"planning","data_center_type":"Co-Location","has_protest":false,"size_floor_sqm":null,"size_power_kw":500000,"owner_type":"Developer","owner_country":"Germany","owner_country_flag":"🇩🇪","estimated_total_energy_consumption_kwh":245280000,"source_attributes":{"data_center_name":"Zschortau-Rackwitz","operator_name":"Unknown","owner_name":"am:pm GmbH","guessed_owner_or_investor":"Am:Pm","metro_region":"Leipzig/Halle","city":"Rackwitz","postal_code":"04519","operational_status":"planned","construction_status":"planning","data_center_type":"Co-Location","owner_type":"Developer","owner_country":"Germany","total_power_capacity_kw":"500000","intended_use":"AI","estimated_total_energy_consumption_kwh":"245280000","sources":"datacenter-insider.de|https://www.datacenter-insider.de/bei-leipzig-entsteht-ein-500-mw-datacenter-campus-a-0adf3f24580a582baebadfd85d125cbc/ || gemeinde-rackwitz.de|https://www.gemeinde-rackwitz.de/portal/seiten/rechenzentrum-zschortau-rackwitz-infrastruktur-fuer-die-digitale-zukunft-900000122-27770.html || immobilienmanager.de|https://www.immobilienmanager.de/studie-rechenzentren-wachsen-ueber-metropolen-hinaus-05062026"}}},{"type":"Feature","geometry":{"type":"Point","coordinates":[12.40285892,51.31826119]},"properties":{"id":"024a51a1-f4d7-422d-a27e-41714c968d14","name":"KI-Rechenzentrum Leipzig","operational_status":"planned","construction_status":"planning","data_center_type":"University","has_protest":false,"size_floor_sqm":null,"size_power_kw":2100,"owner_type":"University","owner_country":"Germany","owner_country_flag":"🇩🇪","estimated_total_energy_consumption_kwh":7358400,"source_attributes":{"data_center_name":"KI-Rechenzentrum Leipzig","operator_name":"Universität Leipzig","owner_name":"Universität Leipzig","guessed_owner_or_investor":"Universität Leipzig","metro_region":"Leipzig","city":"Leipzig","postal_code":"04103","operational_status":"planned","construction_status":"planning","data_center_type":"University","owner_type":"University","owner_country":"Germany","estimated_total_power_capacity_kw":"2100","intended_use":"AI; Research","estimated_total_energy_consumption_kwh":"7358400","sources":"uni-leipzig.de|https://www.uni-leipzig.de/newsdetail/artikel/ki-rechenzentrum-fertig-geplant-bau-und-uebergabe-bis-2028-2026-04-17"}}},{"type":"Feature","geometry":{"type":"Point","coordinates":[8.29185004,49.84710208]},"properties":{"id":"30b69d4f-193c-4aee-853c-cd081b095a61","name":"FRA6","operational_status":"planned","construction_status":"planning","data_center_type":"Co-Location","has_protest":false,"size_floor_sqm":null,"size_power_kw":624000,"owner_type":"Operator","owner_country":"Japan","owner_country_flag":"🇯🇵","estimated_total_energy_consumption_kwh":1892160000,"source_attributes":{"data_center_name":"FRA6","operator_name":"NTT DATA","owner_name":"NTT","guessed_owner_or_investor":"NTT DATA","metro_region":"Rhein-Main","city":"Nierstein","postal_code":"55283","operational_status":"planned","construction_status":"planning","data_center_type":"Co-Location","planned_commission_date":"2029-01-01","owner_type":"Operator","owner_country":"Japan","estimated_total_power_capacity_kw":"624000","intended_use":"AI; Cloud","estimated_total_energy_consumption_kwh":"1892160000","sources":"ee-hub.de|https://ee-hub.de/branchenwissen/dpa-meldungen/rechenzentrum-projekt-in-nierstein-nimmt-naechsten-schritt-e6164796dcd7d584201b12f3b87eb468 || NTT|https://www.gdc-im-dialog.de/frankfurt6/frankfurt-6-data-center/default.aspx || swr.de|https://www.swr.de/swraktuell/rheinland-pfalz/mainz/neue-details-zum-geplanten-rechenzentrum-im-niersteiner-rhein-selz-park-100.html"}}},{"type":"Feature","geometry":{"type":"Point","coordinates":[8.24168947,50.02709368]},"properties":{"id":"c4af3376-ec9d-4132-9de7-0c26fdd997f4","name":"Green Rocks / FRA1-Mainz","operational_status":"under_construction","construction_status":"topping_out","data_center_type":"Co-Location","has_protest":false,"size_floor_sqm":null,"size_power_kw":54000,"owner_type":"Developer","owner_country":"Norway","owner_country_flag":"🇳🇴","estimated_total_energy_consumption_kwh":55345680,"source_attributes":{"data_center_name":"Green Rocks / FRA1-Mainz","operator_name":"Unknown","owner_name":"Green Mountain KMW","guessed_owner_or_investor":"Green Rocks, Green Mountain, KMW","metro_region":"Rhein-Main","city":"Mainz","postal_code":"55120","operational_status":"under_construction","construction_status":"topping_out","data_center_type":"Co-Location","planned_commission_date":"2026-01-01","owner_type":"Developer","owner_country":"Norway","total_power_capacity_kw":"54000","estimated_total_energy_consumption_kwh":"55345680","sources":"greenmountain-kmw.com|https://www.greenmountain-kmw.com/"}}},{"type":"Feature","geometry":{"type":"Point","coordinates":[7.97365743,51.69358618]},"properties":{"id":"cc546615-d96f-4828-9551-04b44bae116c","name":"Hamm/Lippetal","operational_status":"planned","construction_status":"planning","data_center_type":"Co-Location","has_protest":true,"size_floor_sqm":null,"size_power_kw":240000,"owner_type":"Developer","owner_country":"United States","owner_country_flag":"🇺🇸","estimated_total_energy_consumption_kwh":525600000,"source_attributes":{"data_center_name":"Hamm/Lippetal","operator_name":"QTS","owner_name":"Blackstone","guessed_owner_or_investor":"Projekt Quality Technology Services (QTS), eine Blackstone-Tochter, Amazon Web Services (AWS), Microsoft","metro_region":"Ruhrgebiet","city":"Lippetal","postal_code":"59510","operational_status":"planned","construction_status":"planning","data_center_type":"Co-Location","planned_commission_date":"2030-01-01","owner_type":"Developer","owner_country":"United States","estimated_total_power_capacity_kw":"240000","intended_use":"AI; Cloud","estimated_total_energy_consumption_kwh":"525600000","sources":"hamm.de|https://www.hamm.de/gesellschaft-soziales-gesundheit/news/eines-der-groessten-rechenzentren-deutschlands || datacenter-insider.de|https://www.datacenter-insider.de/blackstone-plant-milliarden-campus-in-lippetal-a-019e299b5c3ba479483e15cade25e814/ || www1.wdr.de|https://www1.wdr.de/nachrichten/westfalen-lippe/rat-lippetal-rechenzentrum-100.html"}}},{"type":"Feature","geometry":{"type":"Point","coordinates":[6.61088613,51.09051608]},"properties":{"id":"5f269f63-0392-4a18-82d6-52fd37b5ecb8","name":"Grevenbroich","operational_status":"planned","construction_status":"planning","data_center_type":"Hyperscale","has_protest":true,"size_floor_sqm":230000,"size_power_kw":301875,"owner_type":"Operator","owner_country":"United States","owner_country_flag":"🇺🇸","estimated_total_energy_consumption_kwh":1057770000,"source_attributes":{"data_center_name":"Grevenbroich","operator_name":"Microsoft","owner_name":"Microsoft","guessed_owner_or_investor":"Microsoft","metro_region":"Rheinisches Revier/Köln","city":"Grevenbroich","postal_code":"41515","operational_status":"planned","construction_status":"planning","data_center_type":"Hyperscale","planned_commission_date":"2030-01-01","owner_type":"Operator","owner_country":"United States","floor_space_sqm":"230000","estimated_total_power_capacity_kw":"301875","intended_use":"Hyperscale","estimated_total_energy_consumption_kwh":"1057770000","sources":"handelsblatt.com|https://www.handelsblatt.com/technik/ki/microsoft-us-konzern-kuendigt-weiteres-rechenzentrum-in-nrw-an/100235272.html || grevenbroich.de|https://www.grevenbroich.de/detail/news/4199-microsoft-plant-rechenzentrum-in-grevenbroich/ || www1.wdr.de|https://www1.wdr.de/nrw/niederrhein/rhein-kreis-neuss/grevenbroich-kriegt-microsoft-rechenzentrum-100.html || facebook.com|https://www.facebook.com/reel/879938155178335 || ferner-alsdorf.de|https://www.ferner-alsdorf.de/rechenzentrumsboom-in-nrw-und-die-gesellschaft/ || openpetition.de|https://www.openpetition.de/petition/blog/stop-hyperscale-rechenzentrum-und-digitalpark-in-grevenbroich-im-rheinischen-revier/2?language=et_EE.utf8"}}},{"type":"Feature","geometry":{"type":"Point","coordinates":[8.79000083,51.77786875]},"properties":{"id":"7b7f59e4-bb67-4658-8505-aa4b7d79cdfc","name":"Bad Lippspringe - Phase 1","operational_status":"under_construction","construction_status":"groundbreaking","data_center_type":"Co-Location","has_protest":false,"size_floor_sqm":null,"size_power_kw":2000,"owner_type":"Investor","owner_country":"Germany","owner_country_flag":"🇩🇪","estimated_total_energy_consumption_kwh":2207520,"source_attributes":{"data_center_name":"Bad Lippspringe - Phase 1","operator_name":"YEXIO","owner_name":"Palladio Partners","guessed_owner_or_investor":"Yexio","metro_region":"Ostwestfalen-Lippe","city":"Bad Lippspringe","postal_code":"33175","operational_status":"under_construction","construction_status":"groundbreaking","data_center_type":"Co-Location","planned_commission_date":"2026-01-01","owner_type":"Investor","owner_country":"Germany","total_power_capacity_kw":"2000","estimated_total_energy_consumption_kwh":"2207520","sources":"datacenter-insider.de|https://www.datacenter-insider.de/spatenstich-fuer-yexio-datacenter-in-bad-lippspringe-a-ca25c0f252b5f4224498c561613be043/ || hochtief-pppsolutions.de|https://hochtief-pppsolutions.de/de/aktuelles/details/hochtief-und-palladio-partners-starten-bau-eines-yexio-rechenzentrums-in-bad-lippspringe || palladio-partners.com|https://www.palladio-partners.com/de/aktuelles/hochtief-und-palladio-partners-starten-bau-eines-yexio-rechenzentrums-in-bad-lippspringe/"}}},{"type":"Feature","geometry":{"type":"Point","coordinates":[7.22413247,51.5461046]},"properties":{"id":"58d48cd9-0e97-4765-a413-6e6dab350148","name":"Herne","operational_status":"under_construction","construction_status":"groundbreaking","data_center_type":"Co-Location","has_protest":false,"size_floor_sqm":null,"size_power_kw":2400,"owner_type":"Investor","owner_country":"Germany","owner_country_flag":"🇩🇪","estimated_total_energy_consumption_kwh":4204800,"source_attributes":{"data_center_name":"Herne","operator_name":"YEXIO","owner_name":"Palladio Partners","guessed_owner_or_investor":"Yexio,  HOCHTIEF Infrastructure GmbH, Palladio Partners","metro_region":"Ruhrgebiet","city":"Herne","postal_code":"44629","operational_status":"under_construction","construction_status":"groundbreaking","data_center_type":"Co-Location","planned_commission_date":"2027-01-01","owner_type":"Investor","owner_country":"Germany","estimated_total_power_capacity_kw":"2400","estimated_total_energy_consumption_kwh":"4204800","sources":"baulinks.de|https://www.baulinks.de/webplugin/2026/0753.php4 || datacenter-insider.de|https://www.datacenter-insider.de/spatenstich-in-herne-fuer-neues-rechenzentrum-a-11c4536c0324035013ce51ade764551d/"}}},{"type":"Feature","geometry":{"type":"Point","coordinates":[6.63108595,51.21015477]},"properties":{"id":"52eaf640-60e0-4025-a534-57d25a11e91d","name":"Finanzverwaltung NRW","operational_status":"under_construction","construction_status":"foundation_laid","data_center_type":"Government","has_protest":false,"size_floor_sqm":37000,"size_power_kw":7770,"owner_type":"Government","owner_country":"Germany","owner_country_flag":"🇩🇪","estimated_total_energy_consumption_kwh":18150720,"source_attributes":{"data_center_name":"Finanzverwaltung NRW","operator_name":"Finanzverwaltung","owner_name":"Land NRW","guessed_owner_or_investor":"Finanzverwaltung NRW","metro_region":"Düsseldorf/Köln","city":"Kaarst","postal_code":"41564","operational_status":"under_construction","construction_status":"foundation_laid","data_center_type":"Government","planned_commission_date":"2026-01-01","owner_type":"Government","owner_country":"Germany","floor_space_sqm":"37000","estimated_total_power_capacity_kw":"7770","intended_use":"Finanzverwaltung","estimated_total_energy_consumption_kwh":"18150720","sources":"finanzverwaltung.nrw.de|https://www.finanzverwaltung.nrw.de/dienststellen/rechenzentrum-der-finanzverwaltung-nrw/finanzverwaltung-baut-neues-rechenzentrum"}}},{"type":"Feature","geometry":{"type":"Point","coordinates":[6.6408333,50.89671958]},"properties":{"id":"da8a129a-cc20-4564-a3d7-d6ba7be7011b","name":"Elsdorf","operational_status":"planned","construction_status":"planning","data_center_type":"Hyperscale","has_protest":true,"size_floor_sqm":null,"size_power_kw":173000,"owner_type":"Operator","owner_country":"United States","owner_country_flag":"🇺🇸","estimated_total_energy_consumption_kwh":1366560000,"source_attributes":{"data_center_name":"Elsdorf","operator_name":"Microsoft","owner_name":"Microsoft","guessed_owner_or_investor":"Microsoft","metro_region":"Rheinisches Revier/Köln","city":"Elsdorf","postal_code":"50170","operational_status":"planned","construction_status":"planning","data_center_type":"Hyperscale","owner_type":"Operator","owner_country":"United States","total_power_capacity_kw":"173000","intended_use":"AI; Cloud","estimated_total_energy_consumption_kwh":"1366560000","sources":"heise.de|https://www.heise.de/news/Deutsches-Riesen-Rechenzentrum-von-Microsoft-Azure-kann-520-Megawatt-verheizen-11216718.html || elsdorf.de|https://www.elsdorf.de/rathaus-service/verwaltung/aktuell/2419/microsoft-siedelt-sich-in-elsdorf-an || elsdorf.de|https://www.elsdorf.de/rathaus-service/verwaltung/aktuell/1973/bergheim-bedburg-und-elsdorf-holen-weltkonzern-microsoft-ins-rheinische-revier"}}},{"type":"Feature","geometry":{"type":"Point","coordinates":[6.54017257,50.99658712]},"properties":{"id":"1f497e6c-4276-4620-8ddc-b5e7c22eac19","name":"Bedburg","operational_status":"under_construction","construction_status":"groundbreaking","data_center_type":"Hyperscale","has_protest":true,"size_floor_sqm":180000,"size_power_kw":173000,"owner_type":"Operator","owner_country":"United States","owner_country_flag":"🇺🇸","estimated_total_energy_consumption_kwh":827820000,"source_attributes":{"data_center_name":"Bedburg","operator_name":"Microsoft","owner_name":"Microsoft","guessed_owner_or_investor":"Microsoft","metro_region":"Rheinisches Revier/Köln","city":"Bedburg","postal_code":"50181","operational_status":"under_construction","construction_status":"groundbreaking","data_center_type":"Hyperscale","owner_type":"Operator","owner_country":"United States","floor_space_sqm":"180000","total_power_capacity_kw":"173000","intended_use":"AI","estimated_total_energy_consumption_kwh":"827820000","sources":"bft-enviri.de|https://www.bft-enviri.de/projekt/gewerbegebiet-beb61/ || bund-nrw.de|https://www.bund-nrw.de/themen/braunkohle/strukturwandel-im-revier/stoppt-den-flaechenfrass-im-rheinischen-revier/ || rheinisches-revier.de|https://www.rheinisches-revier.de/service/neuigkeiten/detail/spatenstich-fuer-microsoft-rechenzentrums-cluster-im-rheinischen-revier || wirtschaft.nrw|https://www.wirtschaft.nrw/spatenstich-fuer-die-microsoft-rechenzentren-im-rheinischen-revier-nordrhein-westfalen-wird"}}},{"type":"Feature","geometry":{"type":"Point","coordinates":[6.58979849,50.95849708]},"properties":{"id":"78978228-5398-403c-a8b1-e7c7d02aa3cc","name":"Bergheim","operational_status":"under_construction","construction_status":"groundbreaking","data_center_type":"Hyperscale","has_protest":true,"size_floor_sqm":260000,"size_power_kw":173000,"owner_type":"Operator","owner_country":"United States","owner_country_flag":"🇺🇸","estimated_total_energy_consumption_kwh":1195740000,"source_attributes":{"data_center_name":"Bergheim","operator_name":"Microsoft","owner_name":"Microsoft","guessed_owner_or_investor":"Microsoft","metro_region":"Rheinisches Revier/Köln","city":"Bergheim","postal_code":"50126","operational_status":"under_construction","construction_status":"groundbreaking","data_center_type":"Hyperscale","planned_commission_date":"2028-01-01","owner_type":"Operator","owner_country":"United States","floor_space_sqm":"260000","total_power_capacity_kw":"173000","intended_use":"AI","estimated_total_energy_consumption_kwh":"1195740000","sources":"www1.wdr.de|https://www1.wdr.de/mediathek/audio/wdr5/wdr5-mittagsecho/audio-microsoft-baut-ki-rechenzentrum-in-nrw-100.html || www1.wdr.de|https://www1.wdr.de/nrw/rheinland/bergheim-bedburg-elsdorf-microsoft-rechenzentrum-spatenstich-internet-ki-100.html || bund-nrw.de|https://www.bund-nrw.de/themen/braunkohle/strukturwandel-im-revier/stoppt-den-flaechenfrass-im-rheinischen-revier/ || rundschau-online.de|https://www.rundschau-online.de/region/rhein-erft/elsdorf/elsdorf-microsoft-baut-weiteres-rechenzentrum-in-rhein-erft-2-1105971"}}},{"type":"Feature","geometry":{"type":"Point","coordinates":[6.99390704,50.80262188]},"properties":{"id":"84bf3ac0-921e-41da-93f1-e7137c9b641d","name":"Gewerbepark Wesseling-Urfeld","operational_status":"planned","construction_status":"planning","data_center_type":"Co-Location","has_protest":false,"size_floor_sqm":null,"size_power_kw":10000,"owner_type":"Developer","owner_country":"Unknown","owner_country_flag":"🏳️","estimated_total_energy_consumption_kwh":5256000,"source_attributes":{"data_center_name":"Gewerbepark Wesseling-Urfeld","operator_name":"Unknown","owner_name":"Unknown","metro_region":"Düsseldorf/Köln","city":"Wesseling-Urfeld","postal_code":"50389","operational_status":"planned","construction_status":"planning","data_center_type":"Co-Location","owner_type":"Developer","owner_country":"Unknown","total_power_capacity_kw":"10000","estimated_total_energy_consumption_kwh":"5256000","sources":"datacenter-insider.de|https://www.datacenter-insider.de/rechenzentrums-standort-zwischen-koeln-und-bonn-in-planung-a-565f8b46e3a6c5f325df4839c92c72dc/?cflt=rdt || o-sp.de|https://www.o-sp.de/wesseling/plan?pid=29457"}}},{"type":"Feature","geometry":{"type":"Point","coordinates":[8.46161381,53.3373687]},"properties":{"id":"9d5df050-7d32-4d9f-a696-3812c3a4128a","name":"Brake","operational_status":"planned","construction_status":"planning","data_center_type":"Co-Location","has_protest":false,"size_floor_sqm":null,"size_power_kw":2400,"owner_type":"Investor","owner_country":"Germany","owner_country_flag":"🇩🇪","estimated_total_energy_consumption_kwh":4905600,"source_attributes":{"data_center_name":"Brake","operator_name":"YEXIO","owner_name":"Palladio Partners","metro_region":"Weser-Ems","city":"Brake","postal_code":"26919","operational_status":"planned","construction_status":"planning","data_center_type":"Co-Location","planned_commission_date":"2027-01-01","owner_type":"Investor","owner_country":"Germany","estimated_total_power_capacity_kw":"2400","intended_use":"Edge","estimated_total_energy_consumption_kwh":"4905600","sources":"nwzonline.de|https://www.nwzonline.de/wesermarsch/nachhaltiges-rechenzentrum-hochtief-investiert-millionen-in-brake-bis-2027_a_4,1,4155056541.html"}}},{"type":"Feature","geometry":{"type":"Point","coordinates":[10.09576679,52.31679798]},"properties":{"id":"b5ca8984-62b3-4331-ae3a-ceb6a27c5fbd","name":"Campus Mehrum","operational_status":"planned","construction_status":"planning","data_center_type":"Co-Location","has_protest":false,"size_floor_sqm":null,"size_power_kw":500000,"owner_type":"Investor","owner_country":"United States","owner_country_flag":"🇺🇸","estimated_total_energy_consumption_kwh":262800000,"source_attributes":{"data_center_name":"Campus Mehrum","operator_name":"Telis Energie","owner_name":"Carlyle Group","guessed_owner_or_investor":"Carlyle-Tochter Telis Energie","metro_region":"Hannover","city":"Mehrum","postal_code":"31249","operational_status":"planned","construction_status":"planning","data_center_type":"Co-Location","planned_commission_date":"2030-01-01","owner_type":"Investor","owner_country":"United States","total_power_capacity_kw":"500000","intended_use":"AI; Cloud","estimated_total_energy_consumption_kwh":"262800000","sources":"heise.de|https://www.heise.de/news/US-Investor-plant-grosses-Rechenzentrum-in-Niedersachsen-11216481.html || computerbase.de|https://www.computerbase.de/news/wirtschaft/milliardenprojekt-grosses-rechenzentrum-in-niedersachsen-geplant.96594/ || ndr.de|https://www.ndr.de/nachrichten/niedersachsen/braunschweig_harz_goettingen/landkreis-peine-unternehmen-will-grosses-rechenzentrum-bauen,aktuellbraunschweig-2272.html || datacenterdynamics.com|https://www.datacenterdynamics.com/en/news/telis-energie-deutschland-plans-500mw-data-center-in-lower-saxony-germany/"}}},{"type":"Feature","geometry":{"type":"Point","coordinates":[12.1479559,54.11966488]},"properties":{"id":"1378cb50-63ca-4d87-8a46-75960d5fa716","name":"Rostock","operational_status":"under_construction","construction_status":"groundbreaking","data_center_type":"Government","has_protest":false,"size_floor_sqm":450,"size_power_kw":800,"owner_type":"Enterprise","owner_country":"Germany","owner_country_flag":"🇩🇪","estimated_total_energy_consumption_kwh":1708200,"source_attributes":{"data_center_name":"Rostock","operator_name":"Deutsche Telekom","owner_name":"Stadt Rostock","guessed_owner_or_investor":"Eigentümer ist die Stadt, Betrieb übernimmt die Deutsche Telekom.","metro_region":"Rostock","city":"Rostock","postal_code":"18147","operational_status":"under_construction","construction_status":"groundbreaking","data_center_type":"Government","planned_commission_date":"2026-01-01","owner_type":"Enterprise","owner_country":"Germany","floor_space_sqm":"450","total_power_capacity_kw":"800","estimated_total_energy_consumption_kwh":"1708200","sources":"datacenter-insider.de|https://www.datacenter-insider.de/rostock-startet-bau-des-staedtischen-rechenzentrums-a-5e4dad094dfe6100d41f9c703c494ce6/ || rathaus.rostock.de|https://rathaus.rostock.de/de/spatenstich_fuer_staedtisches_rechenzentrum/370297"}}},{"type":"Feature","geometry":{"type":"Point","coordinates":[12.22256665,54.01754534]},"properties":{"id":"256cae1a-c6fe-4a33-942f-7886f483e42f","name":"Dummerstorf","operational_status":"planned","construction_status":"planning","data_center_type":"Hyperscale","has_protest":false,"size_floor_sqm":null,"size_power_kw":1200000,"owner_type":"Developer","owner_country":"Germany","owner_country_flag":"🇩🇪","estimated_total_energy_consumption_kwh":588672000,"source_attributes":{"data_center_name":"Dummerstorf","operator_name":"Schwarz Digits, STACKIT","owner_name":"Freo Group","guessed_owner_or_investor":"möglicherweise Freo Group","metro_region":"Rostock","city":"Dummerstorf","postal_code":"18196","operational_status":"planned","construction_status":"planning","data_center_type":"Hyperscale","owner_type":"Developer","owner_country":"Germany","total_power_capacity_kw":"1200000","estimated_total_energy_consumption_kwh":"588672000","sources":"https://www.nordkurier.de/regional/mecklenburg-vorpommern/gigantisches-rechenzentrum-in-mv-milliarden-investition-kurz-vor-der-wahl-4792221|https://www.nordkurier.de/regional/mecklenburg-vorpommern/gigantisches-rechenzentrum-in-mv-milliarden-investition-kurz-vor-der-wahl-4792221 || ndr.de|https://www.ndr.de/nachrichten/mecklenburg-vorpommern/rostock/dummerstorf-eines-der-weltweit-groessten-rechenzentren-geplant,mvregiorostock-1176.html || datacenter-insider.de|https://www.datacenter-insider.de/dummerstorf-und-das-12-gw-rechenzentrum-was-ist-an-den-geruechten-wirklich-dran-a-474c3ae2a55709c0f81b7347ea74ad8a/"}}},{"type":"Feature","geometry":{"type":"Point","coordinates":[8.43416006,50.05713778]},"properties":{"id":"19379c63-a838-4986-bd9d-d028339ba7c4","name":"Hofheim-Marxheim FRA1","operational_status":"under_construction","construction_status":"under_construction","data_center_type":"Co-Location","has_protest":false,"size_floor_sqm":11000,"size_power_kw":2310,"owner_type":"Developer","owner_country":"United States","owner_country_flag":"🇺🇸","estimated_total_energy_consumption_kwh":4721640,"source_attributes":{"data_center_name":"Hofheim-Marxheim FRA1","operator_name":"Prime Data Centers","owner_name":"Süwag","guessed_owner_or_investor":"Süwag und Partner","metro_region":"Rhein-Main","city":"Hofheim-Marxheim","postal_code":"65719","operational_status":"under_construction","construction_status":"under_construction","data_center_type":"Co-Location","planned_commission_date":"2027-01-01","owner_type":"Developer","owner_country":"United States","floor_space_sqm":"11000","estimated_total_power_capacity_kw":"2310","estimated_total_energy_consumption_kwh":"4721640","sources":"suewag.com|https://www.suewag.com/corp/medien-und-dialog/newsroom/rechenzentrum-hofheim-baurechtschaffung-abgeschlossen || datacenter-insider.de|https://www.datacenter-insider.de/baurecht-fuer-neues-rechenzentrum-in-hofheim-gesichert-a-850e9226dff0b6842f7a3a9dcb36bfc5/?cflt=rdt || hofheim.de|https://www.hofheim.de/fileadmin/dokumente/Leben_in_Hofheim/Planen_Bauen_und_Verkehr/Bebauungsplaene/Marxheim/B-Plan_Nr._150_Begruendung__Rechenzentrum_Marxheim_.pdf&ved=2ahUKEwi_hY2Ez8WVAxXP2QIHHZ-VJvgQFnoECB4QAQ&usg=AOvVaw35j3YAupY7uzs1pUFTX22c"}}},{"type":"Feature","geometry":{"type":"Point","coordinates":[8.70025497,50.29497449]},"properties":{"id":"efe6ebba-a059-41e5-83e3-e6c12d8b6eaa","name":"FRA7","operational_status":"under_construction","construction_status":"groundbreaking","data_center_type":"Co-Location","has_protest":false,"size_floor_sqm":30600,"size_power_kw":31200,"owner_type":null,"owner_country":"Germany","owner_country_flag":"🇩🇪","estimated_total_energy_consumption_kwh":88300800,"source_attributes":{"data_center_name":"FRA7","owner_name":"firstcolo GmbH","guessed_owner_or_investor":"firstcolo GmbH","metro_region":"Frankfurt","city":"Rosbach","postal_code":"61191","operational_status":"under_construction","construction_status":"groundbreaking","data_center_type":"Co-Location","planned_commission_date":"2027-01-01","owner_country":"Germany","estimated_floor_space_sqm":"30600","estimated_total_power_capacity_kw":"31200","estimated_total_energy_consumption_kwh":"88300800","sources":"firstcolo.net|https://firstcolo.net/standorte/ai-ready-rechenzentrum-rosbach/ || datacenter-insider.de|https://www.datacenter-insider.de/gruenes-licht-fuer-drittes-firstcolo-rechenzentrum-in-rhein-main-a-f1ded510b9cb09756b13fb3a3054c1f4/"}}},{"type":"Feature","geometry":{"type":"Point","coordinates":[8.50546024,50.11484397]},"properties":{"id":"c17cf97a-715d-459e-bbb2-e5bd1df9d2f4","name":"FRA01","operational_status":"under_construction","construction_status":"under_construction","data_center_type":"Hyperscale","has_protest":false,"size_floor_sqm":null,"size_power_kw":96000,"owner_type":null,"owner_country":"United States","owner_country_flag":"🇺🇸","estimated_total_energy_consumption_kwh":252288000,"source_attributes":{"data_center_name":"FRA01","owner_name":"STACK Infrastructure","guessed_owner_or_investor":"Stack Infrastructure","metro_region":"Frankfurt","city":"Liederbach am Taunus","postal_code":"65835","operational_status":"under_construction","construction_status":"under_construction","data_center_type":"Hyperscale","owner_country":"United States","total_power_capacity_kw":"96000","intended_use":"Cloud; Co-Location","estimated_total_energy_consumption_kwh":"252288000"}}},{"type":"Feature","geometry":{"type":"Point","coordinates":[8.65774854,50.60282758]},"properties":{"id":"dcb60a6d-0dd5-44ee-94d5-9ab22abbdc71","name":"Katzenfeld","operational_status":"planned","construction_status":"planning","data_center_type":"Co-Location","has_protest":true,"size_floor_sqm":170000,"size_power_kw":65000,"owner_type":"Developer","owner_country":"Germany","owner_country_flag":"🇩🇪","estimated_total_energy_consumption_kwh":31886400,"source_attributes":{"data_center_name":"Katzenfeld","operator_name":"Unknown","owner_name":"Revikon","guessed_owner_or_investor":"Projektentwickler Revikon, zukünftiger Betreiber unbekannt","metro_region":"Gießen","city":"Gießen","postal_code":"35398","operational_status":"planned","construction_status":"planning","data_center_type":"Co-Location","planned_commission_date":"2026-01-01","owner_type":"Developer","owner_country":"Germany","floor_space_sqm":"170000","total_power_capacity_kw":"65000","estimated_total_energy_consumption_kwh":"31886400","sources":"giessener-anzeiger.de|https://www.giessener-anzeiger.de/stadt-giessen/rechenzentrum-rueckt-naeher-magistrat-aendert-flaechennutzungsplan-94334145.html || giessen.de|https://www.giessen.de/Leben/Wohnen-Planen-Bauen/Bauprojekte/-Im-Katzenfeld-/ || datacenter-insider.de|https://www.datacenter-insider.de/rechenzentrum-in-giessen-geplant-a-9b22d656c30a6c500555eac47e7c1ca9/ || giessener-allgemeine.de|https://www.giessener-allgemeine.de/giessen/rechenzentrum-in-giessen-verzoegert-sich-um-ein-jahr-baukosten-ueber-einer-milliarde-94335370.html || n-ag.de|https://www.n-ag.de/deutschland/hessen/giessen/giessen-auf-digitalem-kurs-neues-rechenzentrum-bringt-innovation-und-wachstum/"}}},{"type":"Feature","geometry":{"type":"Point","coordinates":[8.68601484,50.04527068]},"properties":{"id":"886aa444-8d70-4eb3-9a99-78dccb81a998","name":"Frankfurt 2","operational_status":"under_construction","construction_status":"under_construction","data_center_type":"Co-Location","has_protest":false,"size_floor_sqm":3111,"size_power_kw":5850,"owner_type":"Investor","owner_country":"France","owner_country_flag":"🇫🇷","estimated_total_energy_consumption_kwh":16556400,"source_attributes":{"data_center_name":"Frankfurt 2","operator_name":"NorthC","owner_name":"Antin Infrastructure Partners","guessed_owner_or_investor":"NorthC","metro_region":"Frankfurt","city":"Neu-Isenburg","postal_code":"63263","operational_status":"under_construction","construction_status":"under_construction","data_center_type":"Co-Location","planned_commission_date":"2027-01-01","owner_type":"Investor","owner_country":"France","estimated_floor_space_sqm":"3111","estimated_total_power_capacity_kw":"5850","estimated_total_energy_consumption_kwh":"16556400","sources":"datacenter-insider.de|https://www.datacenter-insider.de/northc-kauft-grundstueck-in-neu-isenburg-fuer-frankfurt-2-a-7a29ac12eb92a51ff7c5a9eda85f8c9c/"}}},{"type":"Feature","geometry":{"type":"Point","coordinates":[8.68595915,50.04287748]},"properties":{"id":"5b63bae8-a2d4-4085-96b8-6e3d737cba75","name":"FRA II","operational_status":"under_construction","construction_status":"under_construction","data_center_type":"Co-Location","has_protest":false,"size_floor_sqm":50000,"size_power_kw":70200,"owner_type":"Developer","owner_country":"Australia","owner_country_flag":"🇦🇺","estimated_total_energy_consumption_kwh":198676800,"source_attributes":{"data_center_name":"FRA II","operator_name":"Unknown","owner_name":"Goodman","guessed_owner_or_investor":"Goodman mit Baupartner Adolf Lupp","metro_region":"Frankfurt","city":"Neu-Isenburg","postal_code":"63263","operational_status":"under_construction","construction_status":"under_construction","data_center_type":"Co-Location","planned_commission_date":"2026-01-01","owner_type":"Developer","owner_country":"Australia","floor_space_sqm":"50000","estimated_total_power_capacity_kw":"70200","estimated_total_energy_consumption_kwh":"198676800","sources":"op-online.de|https://www.op-online.de/region/neu-isenburg/88-tonnen-transformatoren-erreichen-die-goodmans-baustelle-94286899.html || lupp.de|https://www.lupp.de/richtfest-fuer-das-rechenzentrumsprojekt-fra02-substation-in-neu-isenburg || de.goodman.com|https://de.goodman.com/unsere-immobilien/immobilien-zu-vermieten/fra-ii || datacenter-insider.de|https://www.datacenter-insider.de/goodman-baut-54-mw-campus-fra-2-in-neu-isenburg-a-c2358ca23bacc0ea0927cdebfe492f00/"}}},{"type":"Feature","geometry":{"type":"Point","coordinates":[8.53465973,50.0912157]},"properties":{"id":"ea88ecf4-8424-4030-b280-5973e8c937a9","name":"FRA03","operational_status":"planned","construction_status":"planning","data_center_type":"Hyperscale","has_protest":false,"size_floor_sqm":null,"size_power_kw":130200,"owner_type":"Developer","owner_country":"United States","owner_country_flag":"🇺🇸","estimated_total_energy_consumption_kwh":456220800,"source_attributes":{"data_center_name":"FRA03","operator_name":"Unknown","owner_name":"CloudHQ LLC","guessed_owner_or_investor":"CloudHQ","metro_region":"Frankfurt","city":"Offenbach am Main","postal_code":"65929","operational_status":"planned","construction_status":"planning","data_center_type":"Hyperscale","planned_commission_date":"2026-01-01","owner_type":"Developer","owner_country":"United States","estimated_total_power_capacity_kw":"130200","estimated_total_energy_consumption_kwh":"456220800","sources":"OP Online|https://www.op-online.de/offenbach/offenbach-cloud-hq-an-rowentastrasse-geplant-neues-datenzentrum-in-93892276.html"}}},{"type":"Feature","geometry":{"type":"Point","coordinates":[8.5793686,50.13353492]},"properties":{"id":"a6ce5310-522d-48e6-90dd-82b3a5185a7b","name":"Frankfurt 4+5","operational_status":"under_construction","construction_status":"under_construction","data_center_type":"Hyperscale","has_protest":false,"size_floor_sqm":73000,"size_power_kw":88200,"owner_type":"Developer","owner_country":"United Kingdom","owner_country_flag":"🇬🇧","estimated_total_energy_consumption_kwh":264902400,"source_attributes":{"data_center_name":"Frankfurt 4+5","operator_name":"Unknown","owner_name":"Colt Data Centers","guessed_owner_or_investor":"Colt DCS","metro_region":"Frankfurt","city":"Wiesbaden","postal_code":"65760","operational_status":"under_construction","construction_status":"under_construction","data_center_type":"Hyperscale","planned_commission_date":"2028-01-01","owner_type":"Developer","owner_country":"United Kingdom","floor_space_sqm":"73000","estimated_total_power_capacity_kw":"88200","estimated_total_energy_consumption_kwh":"264902400","sources":"coltdatacentres.net|https://www.coltdatacentres.net/de-DE/our-locations/data-centre-locations-europe/frankfurt-4-and-5 || coltdatacentres.net|https://www.coltdatacentres.net/de-DE/press-releases/data-centres/2025/04/german-expansion"}}},{"type":"Feature","geometry":{"type":"Point","coordinates":[9.72350687,50.48279151]},"properties":{"id":"ac88bf90-080b-407c-8149-ce376b18e3be","name":"rhöncloud DataRock","operational_status":"under_construction","construction_status":"groundbreaking","data_center_type":"Enterprise","has_protest":false,"size_floor_sqm":null,"size_power_kw":2600,"owner_type":"Operator","owner_country":"Germany","owner_country_flag":"🇩🇪","estimated_total_energy_consumption_kwh":6832800,"source_attributes":{"data_center_name":"rhöncloud DataRock","operator_name":"rhöncloud","owner_name":"rhöncloud","guessed_owner_or_investor":"Rhöncloud, Datarock","metro_region":"Osthessen/Rhön","city":"Eichenzell","postal_code":"36124","operational_status":"under_construction","construction_status":"groundbreaking","data_center_type":"Enterprise","planned_commission_date":"2026-01-01","owner_type":"Operator","owner_country":"Germany","estimated_total_power_capacity_kw":"2600","estimated_total_energy_consumption_kwh":"6832800","sources":"datacenter-insider.de|https://www.datacenter-insider.de/rhoencloud-baut-datarock-rechenzentrum-in-osthessen-a-ad57b48b21baedb0b7406b8d8706f502/ || eichenzell-aktuell.de|https://www.eichenzell-aktuell.de/einzelansicht/news/2025/september/zukunftsprojekt-in-eichenzell-spatenstich-fuer-rhoencloud-datarock-1.html"}}},{"type":"Feature","geometry":{"type":"Point","coordinates":[9.30868315,50.36189233]},"properties":{"id":"bd47b6d4-255c-4f21-8000-cd7a4e5a02d2","name":"Frank Cube","operational_status":"planned","construction_status":"planning","data_center_type":"Co-Location","has_protest":true,"size_floor_sqm":null,"size_power_kw":220000,"owner_type":"Developer","owner_country":"Germany","owner_country_flag":"🇩🇪","estimated_total_energy_consumption_kwh":262800000,"source_attributes":{"data_center_name":"Frank Cube","operator_name":"Unknown","owner_name":"Argaman Group","guessed_owner_or_investor":"Argaman Group","metro_region":"Osthessen/Vogelsberg","city":"Birstein","postal_code":"63633","operational_status":"planned","construction_status":"planning","data_center_type":"Co-Location","planned_commission_date":"2028-01-01","owner_type":"Developer","owner_country":"Germany","estimated_total_power_capacity_kw":"220000","estimated_total_energy_consumption_kwh":"262800000","sources":"https://www.datacenter-insider.de/gruenes-licht-fuer-200-megawatt-rechenzentrum-frank-cube-a-1fe30ab9525696cdf9f0e5b4c4ae7dd8/|https://www.datacenter-insider.de/gruenes-licht-fuer-200-megawatt-rechenzentrum-frank-cube-a-1fe30ab9525696cdf9f0e5b4c4ae7dd8/ || datacenter-insider.de|https://www.datacenter-insider.de/argaman-plant-200-megawatt-rechenzentrum-in-birstein-a-43fd5ddc7c8200bdcbb56eded5e2f45d/?cflt=rel"}}},{"type":"Feature","geometry":{"type":"Point","coordinates":[8.80049726,50.06444887]},"properties":{"id":"f4604a20-0e53-4697-a783-87e6aac3922b","name":"FRA11 and FRA12","operational_status":"under_construction","construction_status":"under_construction","data_center_type":"Hyperscale","has_protest":false,"size_floor_sqm":57000,"size_power_kw":69825,"owner_type":"Investor","owner_country":"Sweden","owner_country_flag":"🇸🇪","estimated_total_energy_consumption_kwh":262143000,"source_attributes":{"data_center_name":"FRA11 and FRA12","operator_name":"EdgeConneX","owner_name":"EQT","guessed_owner_or_investor":"EdgeConneX","metro_region":"Frankfurt","city":"Heusenstamm","postal_code":"63150","operational_status":"under_construction","construction_status":"under_construction","data_center_type":"Hyperscale","owner_type":"Investor","owner_country":"Sweden","floor_space_sqm":"57000","estimated_total_power_capacity_kw":"69825","estimated_total_energy_consumption_kwh":"262143000","sources":"OP Online|https://www.op-online.de/region/heusenstamm/heusenstammer-stadtpolitiker-diskutieren-bebauungsplan-fuer-rechenzentren-93533027.html || heusenstamm.de|https://www.heusenstamm.de/de/leben-und-wohnen/bauen-und-wohnen/in-heusenstamm-wird-gebaut/item/5430/9242/campus-neubau-zweier-rechenzentren"}}},{"type":"Feature","geometry":{"type":"Point","coordinates":[8.86760705,50.13151876]},"properties":{"id":"0cde3935-abf6-4407-a4be-c5fef145a81c","name":"Maintal","operational_status":"planned","construction_status":"planning","data_center_type":"Co-Location","has_protest":false,"size_floor_sqm":null,"size_power_kw":8500,"owner_type":"Investor","owner_country":"France","owner_country_flag":"🇫🇷","estimated_total_energy_consumption_kwh":8711820,"source_attributes":{"data_center_name":"Maintal","operator_name":"NorthC","owner_name":"Antin Infrastructure Partners","guessed_owner_or_investor":"NorthC Datacenters","metro_region":"Frankfurt","city":"Maintal","postal_code":"63477","operational_status":"planned","construction_status":"planning","data_center_type":"Co-Location","planned_commission_date":"2028-01-01","owner_type":"Investor","owner_country":"France","total_power_capacity_kw":"8500","estimated_total_energy_consumption_kwh":"8711820","sources":"hanauer.de|https://www.hanauer.de/region/maintal/north-baut-gegenueber-globus-drittes-rechenzentrum-in-maintal-94330822.html"}}},{"type":"Feature","geometry":{"type":"Point","coordinates":[8.74887678,50.12433602]},"properties":{"id":"15256228-7a7a-44e2-bc08-bfa58a921528","name":"Digital Park Fechenheim","operational_status":"under_construction","construction_status":"under_construction","data_center_type":"Co-Location","has_protest":false,"size_floor_sqm":90000,"size_power_kw":270000,"owner_type":"Investor","owner_country":"United States","owner_country_flag":"🇺🇸","estimated_total_energy_consumption_kwh":858480000,"source_attributes":{"data_center_name":"Digital Park Fechenheim","operator_name":"Digital Realty","owner_name":"Digital Realty Trust","guessed_owner_or_investor":"Digital Realty","metro_region":"Frankfurt","city":"Frankfurt-Fechenheim","postal_code":"60386","operational_status":"under_construction","construction_status":"under_construction","data_center_type":"Co-Location","planned_commission_date":"2030-01-01","owner_type":"Investor","owner_country":"United States","floor_space_sqm":"90000","estimated_total_power_capacity_kw":"270000","estimated_total_energy_consumption_kwh":"858480000","sources":"datacenter-insider.de|https://www.datacenter-insider.de/das-erste-denkmalgeschuetzte-grossrechenzentrum-a-908c3e27a44eaade90e5b526205b1303/ || entwicklungsstadt.de|https://www.entwicklungsstadt.de/rechenzentren-auf-historischem-gelaende-baufortschritt-im-digitalpark-fechenheim/"}}},{"type":"Feature","geometry":{"type":"Point","coordinates":[8.81728124,50.20231259]},"properties":{"id":"29f5a844-8233-47fa-8f12-d598827633fc","name":"Karben-Rendel","operational_status":"planned","construction_status":"planning","data_center_type":"Co-Location","has_protest":false,"size_floor_sqm":null,"size_power_kw":33000,"owner_type":"Developer","owner_country":"United States","owner_country_flag":"🇺🇸","estimated_total_energy_consumption_kwh":17344800,"source_attributes":{"data_center_name":"Karben-Rendel","operator_name":"Kauri Cab","owner_name":"Black Rock Real Estate","guessed_owner_or_investor":"Black Rock Real Estate und Kauri Cab","metro_region":"Frankfurt","city":"Karben","postal_code":"61137","operational_status":"planned","construction_status":"planning","data_center_type":"Co-Location","owner_type":"Developer","owner_country":"United States","estimated_total_power_capacity_kw":"33000","estimated_total_energy_consumption_kwh":"17344800","sources":"iz.de|https://www.iz.de/projekte/news/-blackrock-und-kauri-cab-sichern-sich-flaeche-und-strom-in-der-wetterau-2000043224 || faz.net|https://www.faz.net/aktuell/rhein-main/region-und-hessen/karben-spatenstich-fuer-rechenzentrum-im-september-geplant-200673848.html || region-frankfurt.de|https://www.region-frankfurt.de/Services/Presseportal/Pressemitteilungen/Neues-Rechenzentrum-im-Karbener-Stadtteil-Rendel.php?object=&ModID=7&FID=3255.1624.1&NavID=3255.86&La=1"}}},{"type":"Feature","geometry":{"type":"Point","coordinates":[8.47331109,50.06714015]},"properties":{"id":"3ee494a7-fc01-4942-803a-85a893d7a4d8","name":"FRA4","operational_status":"under_construction","construction_status":"under_construction","data_center_type":"Co-Location","has_protest":true,"size_floor_sqm":24140,"size_power_kw":44720,"owner_type":"Operator","owner_country":"Japan","owner_country_flag":"🇯🇵","estimated_total_energy_consumption_kwh":135604800,"source_attributes":{"data_center_name":"FRA4","operator_name":"NTT DATA","owner_name":"NTT","metro_region":"Frankfurt","city":"Hattersheim","postal_code":"65795","operational_status":"under_construction","construction_status":"under_construction","data_center_type":"Co-Location","planned_commission_date":"2028-01-01","owner_type":"Operator","owner_country":"Japan","estimated_floor_space_sqm":"24140","estimated_total_power_capacity_kw":"44720","estimated_total_energy_consumption_kwh":"135604800","sources":"fnp.de|https://www.fnp.de/lokales/main-taunus/hattersheim-ort87439/plan-ntt-startet-bau-in-hattersheim-trotz-laufender-klage-gegen-94120285.html || fnp.de|https://www.fnp.de/lokales/main-taunus/hattersheim-ort87439/ionos-stoppt-bau-in-hattersheim-wegen-klage-gegen-bebauungsplan-94148163.html || NTT|https://services.global.ntt/de-de/services-and-products/global-data-centers/global-locations/emea/frankfurt-4-data-center"}}},{"type":"Feature","geometry":{"type":"Point","coordinates":[8.64996304,50.00049903]},"properties":{"id":"dc530175-d138-4b06-bf41-94b4bed87978","name":"MWH02","operational_status":"planned","construction_status":"planning","data_center_type":"Co-Location","has_protest":false,"size_floor_sqm":3600,"size_power_kw":28000,"owner_type":"Utility","owner_country":"Germany","owner_country_flag":"🇩🇪","estimated_total_energy_consumption_kwh":28697760,"source_attributes":{"data_center_name":"MWH02","operator_name":"Mainova WebHouse","owner_name":"Blackstone","guessed_owner_or_investor":"Mainova Web House GmbH, Tochter der Mainova AG","metro_region":"Frankfurt","city":"Langen","postal_code":"63225","operational_status":"planned","construction_status":"planning","data_center_type":"Co-Location","planned_commission_date":"2028-01-01","owner_type":"Utility","owner_country":"Germany","floor_space_sqm":"3600","total_power_capacity_kw":"28000","estimated_total_energy_consumption_kwh":"28697760","sources":"datacentermap.com|https://www.datacentermap.com/germany/frankfurt/mainova-webhouse-mwh02/specs/ || langen.de|https://www.langen.de/de/aktuelles-aus-dem-rathaus/startschuss-fuers-zukunftsprojekt.html"}}},{"type":"Feature","geometry":{"type":"Point","coordinates":[8.79598976,50.0201638]},"properties":{"id":"5a39f6a5-f87a-4509-ba26-25b57ed07038","name":"Dietzenbach","operational_status":"under_construction","construction_status":"under_construction","data_center_type":"Hyperscale","has_protest":false,"size_floor_sqm":45000,"size_power_kw":59062.5,"owner_type":"Operator","owner_country":"United States","owner_country_flag":"🇺🇸","estimated_total_energy_consumption_kwh":206955000,"source_attributes":{"data_center_name":"Dietzenbach","operator_name":"Google","owner_name":"Google","guessed_owner_or_investor":"Google","metro_region":"Frankfurt","city":"Dietzenbach","postal_code":"63128","operational_status":"under_construction","construction_status":"under_construction","data_center_type":"Hyperscale","planned_commission_date":"2029-01-01","owner_type":"Operator","owner_country":"United States","floor_space_sqm":"45000","estimated_total_power_capacity_kw":"59062.5","intended_use":"AI; Cloud","estimated_total_energy_consumption_kwh":"206955000","sources":"op-online.de|https://www.op-online.de/region/dietzenbach/google-investiert-in-rechenzentrum-dietzenbach-und-schafft-jobs-94036653.html || hessenschau.de|https://www.hessenschau.de/tv-sendung/google-baut-neues-rechenzentrum-in-dietzenbach,video-217370.html || dietzenbach.de|https://www.dietzenbach.de/index.php?ModID=255&FID=3651.28294.1&object=tx%2C3651.6"}}},{"type":"Feature","geometry":{"type":"Point","coordinates":[8.86600846,50.20707232]},"properties":{"id":"57c6cf53-83ef-4124-969c-90027ecc972e","name":"AWS-Rechenzentrum Schöneck-Kilianstädten","operational_status":"planned","construction_status":"planning","data_center_type":"Hyperscale","has_protest":true,"size_floor_sqm":null,"size_power_kw":100000,"owner_type":"Operator","owner_country":"United States","owner_country_flag":"🇺🇸","estimated_total_energy_consumption_kwh":262800000,"source_attributes":{"data_center_name":"AWS-Rechenzentrum Schöneck-Kilianstädten","operator_name":"Amazon Web Services","owner_name":"Amazon","guessed_owner_or_investor":"Amazon Web Services (AWS)","metro_region":"Frankfurt","city":"Schöneck","postal_code":"61137","operational_status":"planned","construction_status":"planning","data_center_type":"Hyperscale","owner_type":"Operator","owner_country":"United States","total_power_capacity_kw":"100000","estimated_total_energy_consumption_kwh":"262800000","sources":"datacenter-insider.de|https://www.datacenter-insider.de/aws-rechenzentrum-soll-schoeneck-aus-der-schuldenkrise-fuehren-a-bbf8c53c2949f395c703a3a804fc7314/ || vorsprung-online.de|https://vorsprung-online.de/mkk/schoeneck/schoeneck/amazon-rechenzentrum-sch%C3%B6neck-undurchsichtiges-verfahren.html || op-online.de|https://www.op-online.de/region/main-kinzig-kreis/schoeneck/buergerinitiative-bewertet-plaene-fuer-rechenzentrum-weiter-kritisch-94194885.html || https://www.datacentermap.com/germany/frankfurt/amazon-aws-schoneck/specs/|https://www.datacentermap.com/germany/frankfurt/amazon-aws-schoneck/specs/"}}},{"type":"Feature","geometry":{"type":"Point","coordinates":[9.57500522,51.32460092]},"properties":{"id":"5c0ef6c5-57ca-4ab5-830a-59ccaccf8f2d","name":"Sandershäuser Berg","operational_status":"planned","construction_status":"planning","data_center_type":"Co-Location","has_protest":false,"size_floor_sqm":null,"size_power_kw":100000,"owner_type":"Developer","owner_country":"EU","owner_country_flag":"🇪🇺","estimated_total_energy_consumption_kwh":11388000,"source_attributes":{"data_center_name":"Sandershäuser Berg","operator_name":"Unknown","owner_name":"Unknown","guessed_owner_or_investor":"Unbekannt/Europäisches Ausland","metro_region":"Kassel","city":"Niestetal","postal_code":"34266","operational_status":"planned","construction_status":"planning","data_center_type":"Co-Location","owner_type":"Developer","owner_country":"EU","total_power_capacity_kw":"100000","intended_use":"AI; Cloud; Hyperscale","estimated_total_energy_consumption_kwh":"11388000","sources":"datacenter-insider.de|https://www.datacenter-insider.de/niestetal-schliesst-exklusivvertrag-betreiber-bleibt-vertraulich-a-cb430e3cbe2fec77489c2fec146b5b26/"}}},{"type":"Feature","geometry":{"type":"Point","coordinates":[8.4612461,50.01272217]},"properties":{"id":"44ab8bde-dd33-4897-bdf2-04a227b0b141","name":"FRA2 - Frankfurt II Campus","operational_status":"under_construction","construction_status":"under_construction","data_center_type":"Co-Location","has_protest":false,"size_floor_sqm":76500,"size_power_kw":72800,"owner_type":"Investor","owner_country":"United States","owner_country_flag":"🇺🇸","estimated_total_energy_consumption_kwh":220752000,"source_attributes":{"data_center_name":"FRA2 - Frankfurt II Campus","operator_name":"Vantage","owner_name":"DigitalBridge","guessed_owner_or_investor":"Vantage Data Centers","metro_region":"Frankfurt","city":"Raunheim","postal_code":"65479","operational_status":"under_construction","construction_status":"under_construction","data_center_type":"Co-Location","owner_type":"Investor","owner_country":"United States","estimated_floor_space_sqm":"76500","estimated_total_power_capacity_kw":"72800","estimated_total_energy_consumption_kwh":"220752000","sources":"vantage-dc.com|https://vantage-dc.com/fr/data-center-locations/emea/frankfurt-ii-germany/ || datacentermap.com|https://www.datacentermap.com/germany/frankfurt/vantage-fra2-frankfurt-ii/"}}},{"type":"Feature","geometry":{"type":"Point","coordinates":[8.73838184,50.196385]},"properties":{"id":"37d32630-8b5d-4067-8780-a1bfba080c5d","name":"Bad Vilbel","operational_status":"planned","construction_status":"planning","data_center_type":"Co-Location","has_protest":true,"size_floor_sqm":null,"size_power_kw":208000,"owner_type":"Investor","owner_country":"United States","owner_country_flag":"🇺🇸","estimated_total_energy_consumption_kwh":630720000,"source_attributes":{"data_center_name":"Bad Vilbel","operator_name":"Vantage Data Centers","owner_name":"Digital Bridge","guessed_owner_or_investor":"Vantage Data Centers","metro_region":"Frankfurt","city":"Bad Vilbel","postal_code":"61118","operational_status":"planned","construction_status":"planning","data_center_type":"Co-Location","owner_type":"Investor","owner_country":"United States","estimated_total_power_capacity_kw":"208000","estimated_total_energy_consumption_kwh":"630720000","sources":"fnp.de|https://www.fnp.de/lokales/wetteraukreis/bad-vilbel/zum-rechenzentrum-viele-fragen-93810708.html"}}},{"type":"Feature","geometry":{"type":"Point","coordinates":[8.96338752,50.09562904]},"properties":{"id":"f5841c0a-0981-4cee-a0f5-fbbab2a0bbf9","name":"Campus Hanau (Großauheim)","operational_status":"under_construction","construction_status":"under_construction","data_center_type":"Co-Location","has_protest":false,"size_floor_sqm":null,"size_power_kw":234000,"owner_type":"Operator","owner_country":"France","owner_country_flag":"🇫🇷","estimated_total_energy_consumption_kwh":662256000,"source_attributes":{"data_center_name":"Campus Hanau (Großauheim)","operator_name":"Data4","owner_name":"Data4","guessed_owner_or_investor":"DATA4","metro_region":"Frankfurt","city":"Hanau","postal_code":"63457","operational_status":"under_construction","construction_status":"under_construction","data_center_type":"Co-Location","owner_type":"Operator","owner_country":"France","estimated_total_power_capacity_kw":"234000","estimated_total_energy_consumption_kwh":"662256000","sources":"hessenschau.de|https://www.hessenschau.de/wirtschaft/data4-legt-grundstein-in-hanau-entsteht-ein-mega-rechenzentrum-v2,grundsteinlegung-rechenzentrum-campus-hanau-100.html"}}},{"type":"Feature","geometry":{"type":"Point","coordinates":[8.53456988,50.16085248]},"properties":{"id":"7fe2137c-8691-4c29-919f-c86605843e5c","name":"FRA3","operational_status":"under_construction","construction_status":"under_construction","data_center_type":"Co-Location","has_protest":false,"size_floor_sqm":11900,"size_power_kw":30000,"owner_type":"Developer","owner_country":"Germany","owner_country_flag":"🇩🇪","estimated_total_energy_consumption_kwh":50457600,"source_attributes":{"data_center_name":"FRA3","operator_name":"Noris Network AG","owner_name":"Maincubes","metro_region":"Frankfurt","city":"Schwalbach (am Taunus)","postal_code":"65824","operational_status":"under_construction","construction_status":"under_construction","data_center_type":"Co-Location","planned_commission_date":"2027-01-01","owner_type":"Developer","owner_country":"Germany","estimated_floor_space_sqm":"11900","total_power_capacity_kw":"30000","intended_use":"AI","estimated_total_energy_consumption_kwh":"50457600","sources":"https://www.datacenter-insider.de/maincubes-nimmt-ersten-bauabschnitt-von-fra03-in-betrieb-a-95df5d6a298a4dd8aa2b1c444f2eef28/|https://www.datacenter-insider.de/maincubes-nimmt-ersten-bauabschnitt-von-fra03-in-betrieb-a-95df5d6a298a4dd8aa2b1c444f2eef28/ || noris.de|https://www.noris.de/presse/ki-hub-entsteht-in-schwalbach-am-taunus-noris-network-baut-30-megawatt-rechenzentrum/ || datacenter-insider.de|https://www.datacenter-insider.de/rechenzentrum-heizt-die-stadt-a-70a2d8b0b4a9744aeff8931f7bc1a935/"}}},{"type":"Feature","geometry":{"type":"Point","coordinates":[8.57943829,50.09238106]},"properties":{"id":"f40b5592-3f1d-45a2-b479-29e6e874939e","name":"FRA7","operational_status":"under_construction","construction_status":"under_construction","data_center_type":"Co-Location","has_protest":true,"size_floor_sqm":42952.2,"size_power_kw":105300,"owner_type":"Investor","owner_country":"United States","owner_country_flag":"🇺🇸","estimated_total_energy_consumption_kwh":298015200,"source_attributes":{"data_center_name":"FRA7","operator_name":"CyrusOne","owner_name":"KKR","guessed_owner_or_investor":"CyrusOne","metro_region":"Frankfurt","city":"Griesheim","postal_code":"65933","operational_status":"under_construction","construction_status":"under_construction","data_center_type":"Co-Location","planned_commission_date":"2026-01-01","owner_type":"Investor","owner_country":"United States","estimated_floor_space_sqm":"42952.2","estimated_total_power_capacity_kw":"105300","estimated_total_energy_consumption_kwh":"298015200","sources":"cyrusone.com|https://www.cyrusone.com/data-centers/emea/frankfurt-germany-fra7"}}},{"type":"Feature","geometry":{"type":"Point","coordinates":[10.27050567,53.67874503]},"properties":{"id":"fc5a5dcb-4910-4bde-90dd-60aae6a9c0ef","name":"AtlasEdge HAM002","operational_status":"under_construction","construction_status":"under_construction","data_center_type":"Co-Location","has_protest":false,"size_floor_sqm":null,"size_power_kw":12800,"owner_type":"Investor","owner_country":"United States","owner_country_flag":"🇺🇸","estimated_total_energy_consumption_kwh":14128128,"source_attributes":{"data_center_name":"AtlasEdge HAM002","operator_name":"AtlasEdge","owner_name":"Digital Bridge","guessed_owner_or_investor":"AtlasEdge","metro_region":"Hamburg","city":"Ahrensburg","postal_code":"22926","operational_status":"under_construction","construction_status":"under_construction","data_center_type":"Co-Location","owner_type":"Investor","owner_country":"United States","total_power_capacity_kw":"12800","estimated_total_energy_consumption_kwh":"14128128","sources":"atlasedge.com|https://atlasedge.com/de/atlasedge-baut-rechenzentrum-ham002-in-der-region-hamburg-aus/"}}},{"type":"Feature","geometry":{"type":"Point","coordinates":[10.04260349,53.3917194]},"properties":{"id":"8feb3e89-5b78-4024-b2dd-025779db3c54","name":"Maschen/Seevetal","operational_status":"planned","construction_status":"planning","data_center_type":"Co-Location","has_protest":true,"size_floor_sqm":16200,"size_power_kw":3402,"owner_type":"Developer","owner_country":"Germany","owner_country_flag":"🇩🇪","estimated_total_energy_consumption_kwh":7450380,"source_attributes":{"data_center_name":"Maschen/Seevetal","operator_name":"Unknown","owner_name":"Revitalis Development GmbH","guessed_owner_or_investor":"Revitalis Development GmbH","metro_region":"Hamburg","city":"Maschen","postal_code":"21220","operational_status":"planned","construction_status":"planning","data_center_type":"Co-Location","owner_type":"Developer","owner_country":"Germany","floor_space_sqm":"16200","estimated_total_power_capacity_kw":"3402","intended_use":"AI; Cloud","estimated_total_energy_consumption_kwh":"7450380","sources":"rechenzentrum-maschen.de|https://rechenzentrum-maschen.de/was-ist-geplant/ || kreiszeitung-wochenblatt.de|https://www.kreiszeitung-wochenblatt.de/seevetal/c-wirtschaft/wohnungen-gewerbe-feuerwehr-und-rechner_a408031 || rechenzentrum-seevetal.de|https://rechenzentrum-seevetal.de/ || rechenzentrum-maschen.de|https://rechenzentrum-maschen.de/"}}},{"type":"Feature","geometry":{"type":"Point","coordinates":[12.35895577,53.27804253]},"properties":{"id":"8637fc40-3cea-43fc-bf09-83798b9c5020","name":"Freyenstein","operational_status":"planned","construction_status":"planning","data_center_type":"Co-Location","has_protest":true,"size_floor_sqm":null,"size_power_kw":700000,"owner_type":"Developer","owner_country":"Germany","owner_country_flag":"🇩🇪","estimated_total_energy_consumption_kwh":85848000,"source_attributes":{"data_center_name":"Freyenstein","operator_name":"Unknown","owner_name":"noya group","guessed_owner_or_investor":"anonym, deutsch, noya group","metro_region":"Prignitz/Nordwestbrandenburg","city":"Freyenstein","postal_code":"16909","operational_status":"planned","construction_status":"planning","data_center_type":"Co-Location","owner_type":"Developer","owner_country":"Germany","total_power_capacity_kw":"700000","estimated_total_energy_consumption_kwh":"85848000","sources":"rbb24.de|https://www.rbb24.de/wirtschaft/beitrag/2026/04/ostprignitz-ruppin-rechenzentrum-geplant-freyenstein-protest.html || datacenter-insider.de|https://www.datacenter-insider.de/150-hektar-rechenzentrum-bei-freyenstein-geplant-a-80e6983becd4d357bda219938d6695ac/"}}},{"type":"Feature","geometry":{"type":"Point","coordinates":[13.22384582,52.22489015]},"properties":{"id":"08446130-0263-4d48-aa7e-51bcbde5b166","name":"SDC Berlin 01","operational_status":"paused","construction_status":null,"data_center_type":"Co-Location","has_protest":false,"size_floor_sqm":null,"size_power_kw":180000,"owner_type":"Developer","owner_country":"United States","owner_country_flag":"🇺🇸","estimated_total_energy_consumption_kwh":630720000,"source_attributes":{"data_center_name":"SDC Berlin 01","operator_name":"Unknown","owner_name":"SDC Capital Partners","guessed_owner_or_investor":"SDC Capital Partners","metro_region":"Berlin-Brandenburg","city":"Trebbin","postal_code":"14959","operational_status":"paused","data_center_type":"Co-Location","owner_type":"Developer","owner_country":"United States","total_power_capacity_kw":"180000","estimated_total_energy_consumption_kwh":"630720000","sources":"golem.de|https://www.golem.de/news/trebbin-brandenburg-rechenzentrum-hat-probleme-wegen-2-meter-schornsteinlaenge-2509-199724.html || sdccapitalpartners.com|https://sdccapitalpartners.com/investments/"}}},{"type":"Feature","geometry":{"type":"Point","coordinates":[14.47132493,52.30384548]},"properties":{"id":"cdceabd0-38e6-4390-9d0a-6e52a1a8116b","name":"Frankfurt Oder Data FFO AI","operational_status":"planned","construction_status":"planning","data_center_type":"Co-Location","has_protest":true,"size_floor_sqm":60000,"size_power_kw":330000,"owner_type":"Developer","owner_country":"Germany","owner_country_flag":"🇩🇪","estimated_total_energy_consumption_kwh":40471200,"source_attributes":{"data_center_name":"Frankfurt Oder Data FFO AI","operator_name":"Frankfurt Data AI GmbH","owner_name":"SolWo Holding GmbH","metro_region":"Frankfurt (oder)","city":"Markendorf (Frankfurt Oder)","postal_code":"15236","operational_status":"planned","construction_status":"planning","data_center_type":"Co-Location","owner_type":"Developer","owner_country":"Germany","floor_space_sqm":"60000","total_power_capacity_kw":"330000","intended_use":"Hyperscale","estimated_total_energy_consumption_kwh":"40471200","sources":"rbb24.de|https://www.rbb24.de/wirtschaft/beitrag/2026/03/brandenburg-frankfurt-oder-markendorf-milliarden-investition-rechenzentrum.html || datacenter-insider.de|https://www.datacenter-insider.de/frankfurt-oder-plant-330-mw-rechenzentrum-a-df996e7e0129c9c589bbf1bdf8fef58c/"}}},{"type":"Feature","geometry":{"type":"Point","coordinates":[13.74304523,52.50073447]},"properties":{"id":"736f9bdf-63a0-4770-9492-df9ea0bfe958","name":"Vogelsdorf","operational_status":"planned","construction_status":"planning","data_center_type":"Co-Location","has_protest":true,"size_floor_sqm":null,"size_power_kw":72000,"owner_type":"Developer","owner_country":"Germany","owner_country_flag":"🇩🇪","estimated_total_energy_consumption_kwh":8830080,"source_attributes":{"data_center_name":"Vogelsdorf","operator_name":"Unknown","owner_name":"ZAE Projekt GmbH","guessed_owner_or_investor":"ZAE Projekt GmbH, soll dann an unbekannten Investor übergeben werden","metro_region":"Berlin-Brandenburg","city":"Fredersdorf-Vogelsdorf","postal_code":"15370","operational_status":"planned","construction_status":"planning","data_center_type":"Co-Location","owner_type":"Developer","owner_country":"Germany","total_power_capacity_kw":"72000","estimated_total_energy_consumption_kwh":"8830080","sources":"rbb24.de|https://www.rbb24.de/panorama/beitrag/2026/03/rechenzentrum-bau-streit-fredersdorf-Vogelsdorf.html || moz.de|https://www.moz.de/lokales/strausberg/rechenzentrum-in-vogelsdorf-wie-der-investor-aengste-der-einwohner-zerstreuen-moechte-78674988.html || openpetition.de|https://www.openpetition.de/petition/online/keine-10-geschossigen-betontuerme-im-alten-vogelsdorf || bi-triftweg-vogelsdorf.de|https://www.bi-triftweg-vogelsdorf.de/projekt-und-einwaende || tagesschau.de|https://www.tagesschau.de/wirtschaft/digitales/rechenzentren-brandenburg-100.html"}}},{"type":"Feature","geometry":{"type":"Point","coordinates":[12.9733279,52.59645986]},"properties":{"id":"f5521c4e-00a5-4d8b-bc75-1bf075ff3731","name":"Berlin 3","operational_status":"planned","construction_status":"planning","data_center_type":"Co-Location","has_protest":false,"size_floor_sqm":null,"size_power_kw":96000,"owner_type":"Operator","owner_country":"Japan","owner_country_flag":"🇯🇵","estimated_total_energy_consumption_kwh":201830400,"source_attributes":{"data_center_name":"Berlin 3","operator_name":"NTT Data","owner_name":"NTT","guessed_owner_or_investor":"NTT DATA","metro_region":"Berlin-Brandenburg","city":"Brieselang","postal_code":"14656","operational_status":"planned","construction_status":"planning","data_center_type":"Co-Location","owner_type":"Operator","owner_country":"Japan","total_power_capacity_kw":"96000","estimated_total_energy_consumption_kwh":"201830400","sources":"gdc-im-dialog.de|https://www.gdc-im-dialog.de/berlin/berlin-3-data-center/default.aspx || gemeindebrieselang.de|https://www.gemeindebrieselang.de/Aktuelles/Verzoegerung-Baubeginn-fuer-Rechenzentrum-erst-Ende-2027-geplant.html"}}},{"type":"Feature","geometry":{"type":"Point","coordinates":[12.8929999,52.5935]},"properties":{"id":"f1764f62-7596-4fbc-a439-d94904dc5f3e","name":"BER02","operational_status":"under_construction","construction_status":"under_construction","data_center_type":"Co-Location","has_protest":false,"size_floor_sqm":15000,"size_power_kw":186000,"owner_type":"Investor","owner_country":"Germany","owner_country_flag":"🇩🇪","estimated_total_energy_consumption_kwh":205299360,"source_attributes":{"data_center_name":"BER02","operator_name":"Maincubes","owner_name":"DTCP","guessed_owner_or_investor":"Maincubes","metro_region":"Berlin-Brandenburg","city":"Nauen","postal_code":"14614","operational_status":"under_construction","construction_status":"under_construction","data_center_type":"Co-Location","planned_commission_date":"2027-01-01","owner_type":"Investor","owner_country":"Germany","floor_space_sqm":"15000","total_power_capacity_kw":"186000","intended_use":"AI; Cloud","estimated_total_energy_consumption_kwh":"205299360","sources":"https://www.datacenter-insider.de/maincubes-expandiert-200-mw-datacenter-campus-in-nauen-geplant-a-1034bc09b98c18439eeb899cfcb5396a/?cflt=rdt|https://www.datacenter-insider.de/maincubes-expandiert-200-mw-datacenter-campus-in-nauen-geplant-a-1034bc09b98c18439eeb899cfcb5396a/?cflt=rdt || datacentermap.com|https://www.datacentermap.com/germany/berlin/maincubes-ber02/ || maincubes.com|https://www.maincubes.com/wp-content/uploads/2026/02/maincubes_factsheet_ber02_de.pdf || rbb24.de|https://www.rbb24.de/wirtschaft/beitrag/2026/03/havelland-nauen-rechenzentrum-spatenstich-campus-umspannwerk-bau.html"}}},{"type":"Feature","geometry":{"type":"Point","coordinates":[13.96479217,51.85783043]},"properties":{"id":"0d29fb8b-816f-4d7b-8d07-1523fb80e3b2","name":"Lübbenau (\"Home of STACKIT\")","operational_status":"under_construction","construction_status":"groundbreaking","data_center_type":"Hyperscale","has_protest":false,"size_floor_sqm":130000,"size_power_kw":200000,"owner_type":"Operator","owner_country":"Germany","owner_country_flag":"🇩🇪","estimated_total_energy_consumption_kwh":215285760,"source_attributes":{"data_center_name":"Lübbenau (\"Home of STACKIT\")","operator_name":"STACKIT","owner_name":"Schwarz Digits","guessed_owner_or_investor":"Schwarz Digits, Schwarz Gruppe","metro_region":"Lausitz/Südbrandenburg","city":"Lübbenau","postal_code":"03222","operational_status":"under_construction","construction_status":"groundbreaking","data_center_type":"Hyperscale","planned_commission_date":"2027-01-01","owner_type":"Operator","owner_country":"Germany","floor_space_sqm":"130000","total_power_capacity_kw":"200000","intended_use":"AI; Cloud; Cybersecurity","estimated_total_energy_consumption_kwh":"215285760","sources":"https://www.stimme.de/wirtschaft/baden-wuerttemberg/schwarz-gruppe-rechenzentrum-dummerstorf-rostock-luebbenau-milliarden-projekt-schwarz-digits-digitale-infrastruktur-investition-art-5206084|https://www.stimme.de/wirtschaft/baden-wuerttemberg/schwarz-gruppe-rechenzentrum-dummerstorf-rostock-luebbenau-milliarden-projekt-schwarz-digits-digitale-infrastruktur-investition-art-5206084 || https://live.deutsche-boerse.com/nachrichten/Neues-Rechenzentrum-soll-Luebbenau-mit-Waerme-versorgen-d50a55bd-8b61-48b9-9702-25a63bce909a|https://live.deutsche-boerse.com/nachrichten/Neues-Rechenzentrum-soll-Luebbenau-mit-Waerme-versorgen-d50a55bd-8b61-48b9-9702-25a63bce909a || entwicklungsstadt.de|https://www.entwicklungsstadt.de/datacenter-auf-kraftwerksgelaende-im-spreewald-entsteht-ein-moderner-digitalstandort/ || schwarz-digits.de|https://schwarz-digits.de/schwarz-digits-datacenter-luebbenau"}}},{"type":"Feature","geometry":{"type":"Point","coordinates":[12.92568363,52.53905575]},"properties":{"id":"fc4f0e41-95ac-4c2a-a45f-79dfafcb2f3b","name":"Wustermark Campus","operational_status":"planned","construction_status":"planning","data_center_type":"Co-Location","has_protest":false,"size_floor_sqm":350000,"size_power_kw":300000,"owner_type":"Developer","owner_country":"United Kingdom","owner_country_flag":"🇬🇧","estimated_total_energy_consumption_kwh":157680000,"source_attributes":{"data_center_name":"Wustermark Campus","operator_name":"Unknown","owner_name":"VIRTUS","guessed_owner_or_investor":"Virtus Data Centres","metro_region":"Berlin-Brandenburg","city":"Wustermark","postal_code":"14641","operational_status":"planned","construction_status":"planning","data_center_type":"Co-Location","planned_commission_date":"2028-01-01","owner_type":"Developer","owner_country":"United Kingdom","floor_space_sqm":"350000","total_power_capacity_kw":"300000","intended_use":"AI; Cloud; Hyperscale","estimated_total_energy_consumption_kwh":"157680000","sources":"rbb-online.de|https://www.rbb-online.de/brandenburgaktuell/archiv/20260526_1930/rechenzentrum-wustermark.html || de.virtusdatacentres.com|https://de.virtusdatacentres.com/standorte/deutschland/rechenzentren-berlin-campus-wustermark || datacenter-insider.de|https://www.datacenter-insider.de/virtus-und-50hertz-sichern-netzanschluss-fuer-300-mw-rechenzentrum-a-6166881921e88025f852334adbf63d42/?cflt=rel"}}},{"type":"Feature","geometry":{"type":"Point","coordinates":[13.73914809,51.63572311]},"properties":{"id":"dcc31a87-0459-4b96-9b67-682a5b139267","name":"AWS European Sovereign Cloud - Rechenzentrum Massen (Finsterwalde/Elbe-Elster)","operational_status":"under_construction","construction_status":"under_construction","data_center_type":"Hyperscale","has_protest":true,"size_floor_sqm":null,"size_power_kw":200000,"owner_type":"Operator","owner_country":"United States","owner_country_flag":"🇺🇸","estimated_total_energy_consumption_kwh":525600000,"source_attributes":{"data_center_name":"AWS European Sovereign Cloud - Rechenzentrum Massen (Finsterwalde/Elbe-Elster)","operator_name":"AWS Germany GmbH","owner_name":"Amazon","guessed_owner_or_investor":"Amazon Web Services (AWS)","metro_region":"Lausitz/Südbrandenburg","city":"Finsterwalde (Elbe-Elster)","postal_code":"03238","operational_status":"under_construction","construction_status":"under_construction","data_center_type":"Hyperscale","owner_type":"Operator","owner_country":"United States","total_power_capacity_kw":"200000","intended_use":"AI; Cloud","estimated_total_energy_consumption_kwh":"525600000","sources":"datacenter-insider.de|https://www.datacenter-insider.de/aws-baut-rechenzentrum-bei-finsterwalde-im-gewerbegebiet-massen-a-4d9b9567a4bcf8f12f5307d6d5a95b57/"}}},{"type":"Feature","geometry":{"type":"Point","coordinates":[13.72988278,51.60837143]},"properties":{"id":"91c07f14-c475-4963-b3ab-f1d74c6dbabd","name":"Jupiter","operational_status":"planned","construction_status":"planning","data_center_type":"Hyperscale","has_protest":false,"size_floor_sqm":null,"size_power_kw":300000,"owner_type":"Developer","owner_country":"Germany","owner_country_flag":"🇩🇪","estimated_total_energy_consumption_kwh":39420000,"source_attributes":{"data_center_name":"Jupiter","operator_name":"Unknown","owner_name":"Prime Capital AG","guessed_owner_or_investor":"Prime Capital","metro_region":"Lausitz/Südbrandenburg","city":"Finsterwalde","postal_code":"03238","operational_status":"planned","construction_status":"planning","data_center_type":"Hyperscale","owner_type":"Developer","owner_country":"Germany","total_power_capacity_kw":"300000","estimated_total_energy_consumption_kwh":"39420000","sources":"finsterwalde.de|https://www.finsterwalde.de/loadDocument.phtml?FID=3652.2966.1&Ext=PDF || finsterwalde.de|https://www.finsterwalde.de/Wirtschaft-Bauen/Stadtentwicklung/Energiekopplungsprojekt/"}}},{"type":"Feature","geometry":{"type":"Point","coordinates":[13.50660787,52.07740662]},"properties":{"id":"67199486-2986-4a6c-addd-176e5210b998","name":"AWS European Sovereign Cloud - Rechenzentrum Baruth/Mark","operational_status":"planned","construction_status":"planning","data_center_type":"Hyperscale","has_protest":false,"size_floor_sqm":null,"size_power_kw":100000,"owner_type":"Operator","owner_country":"United States","owner_country_flag":"🇺🇸","estimated_total_energy_consumption_kwh":262800000,"source_attributes":{"data_center_name":"AWS European Sovereign Cloud - Rechenzentrum Baruth/Mark","operator_name":"AWS Germany GmbH","owner_name":"Amazon","guessed_owner_or_investor":"Amazon Web Services (AWS)","metro_region":"Berlin-Brandenburg","city":"Baruth","postal_code":"15837","operational_status":"planned","construction_status":"planning","data_center_type":"Hyperscale","owner_type":"Operator","owner_country":"United States","total_power_capacity_kw":"100000","estimated_total_energy_consumption_kwh":"262800000","sources":"datacenter-insider.de|https://www.datacenter-insider.de/aws-erweitert-mit-neuen-local-zones-europaeische-standorte-a-bcd282d1f51e67e79154e70258f7b077/ || maz-online.de|https://www.maz-online.de/lokales/teltow-flaeming/amazon-investiert-in-baruth-neues-rechenzentrum-im-gewerbegebiet-bernhardsmueh-geplant-NFYBJYM6U5EZ3DSRLSIDU43VBI.html"}}},{"type":"Feature","geometry":{"type":"Point","coordinates":[13.55371215,52.2913672]},"properties":{"id":"b6b514e1-5722-4628-91ac-f575e26ae061","name":"Berlin-Ragow","operational_status":"under_construction","construction_status":"under_construction","data_center_type":"Hyperscale","has_protest":false,"size_floor_sqm":null,"size_power_kw":58800,"owner_type":"Developer","owner_country":"United Kingdom","owner_country_flag":"🇬🇧","estimated_total_energy_consumption_kwh":220752000,"source_attributes":{"data_center_name":"Berlin-Ragow","operator_name":"Unknown","owner_name":"Yondr","guessed_owner_or_investor":"Yondr","metro_region":"Berlin","city":"Mittenwalde","postal_code":"15749","operational_status":"under_construction","construction_status":"under_construction","data_center_type":"Hyperscale","owner_type":"Developer","owner_country":"United Kingdom","estimated_total_power_capacity_kw":"58800","estimated_total_energy_consumption_kwh":"220752000","sources":"datacenterdynamics.com|https://www.datacenterdynamics.com/en/news/yondr-plans-42mw-campus-in-berlin-germany/"}}},{"type":"Feature","geometry":{"type":"Point","coordinates":[13.57308023,52.26416425]},"properties":{"id":"a5efdcdf-dc01-4078-a62f-48ca2f51a361","name":"BER2","operational_status":"under_construction","construction_status":"under_construction","data_center_type":"Co-Location","has_protest":false,"size_floor_sqm":null,"size_power_kw":41600,"owner_type":"Investor","owner_country":"United States","owner_country_flag":"🇺🇸","estimated_total_energy_consumption_kwh":126144000,"source_attributes":{"data_center_name":"BER2","operator_name":"Vantage Data Centers","owner_name":"Digital Bridge","guessed_owner_or_investor":"Vantage Data Centers","metro_region":"Berlin","city":"Mittenwalde","postal_code":"15749","operational_status":"under_construction","construction_status":"under_construction","data_center_type":"Co-Location","owner_type":"Investor","owner_country":"United States","estimated_total_power_capacity_kw":"41600","estimated_total_energy_consumption_kwh":"126144000","sources":"datacentermap.com|https://www.datacentermap.com/germany/berlin/vantage-ber2-berlin-ii-campus/specs/ || vantage-dc.com|https://vantage-dc.com/data-center-locations/emea/berlin-ii-germany/"}}},{"type":"Feature","geometry":{"type":"Point","coordinates":[13.52883837,52.52392538]},"properties":{"id":"b35701c6-3033-4dd7-bde1-269123060bed","name":"Berlin 1 & 2","operational_status":"under_construction","construction_status":"under_construction","data_center_type":"Co-Location","has_protest":false,"size_floor_sqm":null,"size_power_kw":70200,"owner_type":"Operator","owner_country":"United Kingdom","owner_country_flag":"🇬🇧","estimated_total_energy_consumption_kwh":170294400,"source_attributes":{"data_center_name":"Berlin 1 & 2","operator_name":"Colt","owner_name":"Colt","guessed_owner_or_investor":"Colt Data Centre Services","metro_region":"Berlin","city":"Herzberge","postal_code":"12681","operational_status":"under_construction","construction_status":"under_construction","data_center_type":"Co-Location","planned_commission_date":"2028-01-01","owner_type":"Operator","owner_country":"United Kingdom","estimated_total_power_capacity_kw":"70200","intended_use":"Cloud; HPC","estimated_total_energy_consumption_kwh":"170294400","sources":"coltdatacentres.net|https://www.coltdatacentres.net/de-DE/press-releases/data-centres/2025/04/german-expansion"}}},{"type":"Feature","geometry":{"type":"Point","coordinates":[13.25475061,52.53768731]},"properties":{"id":"db0792d2-cad8-4064-a0dc-0e43d043e7e7","name":"Nonnendammallee","operational_status":"planned","construction_status":"planning","data_center_type":"Co-Location","has_protest":false,"size_floor_sqm":null,"size_power_kw":63000,"owner_type":"Investor","owner_country":"United Kingdom","owner_country_flag":"🇬🇧","estimated_total_energy_consumption_kwh":8278200,"source_attributes":{"data_center_name":"Nonnendammallee","operator_name":"Unknown","owner_name":"Tristan Capital Partners","guessed_owner_or_investor":"Tristan Capital Partners","metro_region":"Berlin","city":"Berlin-Spandau","postal_code":"13629","operational_status":"planned","construction_status":"planning","data_center_type":"Co-Location","owner_type":"Investor","owner_country":"United Kingdom","total_power_capacity_kw":"63000","estimated_total_energy_consumption_kwh":"8278200","sources":"immobilienmanager.de|https://www.immobilienmanager.de/berlin-aventos-verkauft-rechenzentrums-grundstueck-04122025"}}},{"type":"Feature","geometry":{"type":"Point","coordinates":[13.50987264,52.53155131]},"properties":{"id":"e1f75afd-2208-4bf8-af89-f594607a9d9f","name":"Bluestar Datacenter","operational_status":"under_construction","construction_status":"under_construction","data_center_type":"Co-Location","has_protest":false,"size_floor_sqm":null,"size_power_kw":100000,"owner_type":"Developer","owner_country":"Germany","owner_country_flag":"🇩🇪","estimated_total_energy_consumption_kwh":12264000,"source_attributes":{"data_center_name":"Bluestar Datacenter","owner_name":"PREA Group GmbH","guessed_owner_or_investor":"PREA Group GmbH","metro_region":"Berlin","city":"Berlin","postal_code":"10365","operational_status":"under_construction","construction_status":"under_construction","data_center_type":"Co-Location","planned_commission_date":"2028-01-01","owner_type":"Developer","owner_country":"Germany","total_power_capacity_kw":"100000","intended_use":"AI","estimated_total_energy_consumption_kwh":"12264000","sources":"entwicklungsstadt.de|https://www.entwicklungsstadt.de/vom-bundesgrundstueck-zum-rechenzentrum-der-aktuelle-stand-am-pyramidenring/ || youtube.com|https://www.youtube.com/watch?v=Bptz8AZ5DaI"}}},{"type":"Feature","geometry":{"type":"Point","coordinates":[13.497792,52.5317087]},"properties":{"id":"d73c7e7d-59a3-42bc-accd-35a572ba2878","name":"Berlin 1","operational_status":"under_construction","construction_status":"under_construction","data_center_type":"Co-Location","has_protest":false,"size_floor_sqm":null,"size_power_kw":7000,"owner_type":"Investor","owner_country":"France","owner_country_flag":"🇫🇷","estimated_total_energy_consumption_kwh":5365500,"source_attributes":{"data_center_name":"Berlin 1","operator_name":"NorthC","owner_name":"Antin Infrastructure Partners","guessed_owner_or_investor":"NorthC","metro_region":"Berlin","city":"Berlin","postal_code":"10365","address":"Am Wasserwerk 11","operational_status":"under_construction","construction_status":"under_construction","data_center_type":"Co-Location","planned_commission_date":"2027-06-01","owner_type":"Investor","owner_country":"France","total_power_capacity_kw":"7000","estimated_total_energy_consumption_kwh":"5365500","sources":"northcdatacenters.com|https://www.northcdatacenters.com/de/northc-datacenters/berlin-1/"}}},{"type":"Feature","geometry":{"type":"Point","coordinates":[13.36782752,52.43980904]},"properties":{"id":"b0d5cd25-d878-45b4-950d-6110079d091c","name":"Marienpark Campus (BERLIN1-4)","operational_status":"under_construction","construction_status":"groundbreaking","data_center_type":"Co-Location","has_protest":false,"size_floor_sqm":null,"size_power_kw":57600,"owner_type":"Developer","owner_country":"United Kingdom","owner_country_flag":"🇬🇧","estimated_total_energy_consumption_kwh":63576576,"source_attributes":{"data_center_name":"Marienpark Campus (BERLIN1-4)","operator_name":"Unknown","owner_name":"VIRTUS","guessed_owner_or_investor":"Virtus Data Centres","metro_region":"Berlin","city":"Marienpark","postal_code":"12107","operational_status":"under_construction","construction_status":"groundbreaking","data_center_type":"Co-Location","planned_commission_date":"2026-01-01","owner_type":"Developer","owner_country":"United Kingdom","total_power_capacity_kw":"57600","intended_use":"AI; Cloud","estimated_total_energy_consumption_kwh":"63576576","sources":"datacenter-insider.de|https://www.datacenter-insider.de/grundsteinlegung-fuer-vier-virtus-datacenter-im-berliner-marienpark-a-6e6f15dbddcba2ec39b67876f520ec91/"}}},{"type":"Feature","geometry":{"type":"Point","coordinates":[13.49640945,52.48840999]},"properties":{"id":"c0cc38d2-fc62-40b1-a1d2-2c4200ee6c39","name":"BEW Berliner Energie und Wärme GmbH Rummelsberg","operational_status":"planned","construction_status":"planning","data_center_type":"Co-Location","has_protest":false,"size_floor_sqm":null,"size_power_kw":40000,"owner_type":"Utility","owner_country":"Germany","owner_country_flag":"🇩🇪","estimated_total_energy_consumption_kwh":19622400,"source_attributes":{"data_center_name":"BEW Berliner Energie und Wärme GmbH Rummelsberg","operator_name":"Unknown","owner_name":"BEW Berliner Energie und Wärme GmbH","guessed_owner_or_investor":"BEW Berliner Energie und Wärme GmbH, Heizkraftwerk Klingenberg","metro_region":"Berlin","city":"Rummelsberg","postal_code":"10317","operational_status":"planned","construction_status":"planning","data_center_type":"Co-Location","planned_commission_date":"2030-01-01","owner_type":"Utility","owner_country":"Germany","total_power_capacity_kw":"40000","estimated_total_energy_consumption_kwh":"19622400","sources":"pardok.parlament-berlin.de|https://pardok.parlament-berlin.de/starweb/adis/citat/VT/19/SchrAnfr/S19-21924.pdf || karlshorst.de|https://karlshorst.de/2025/01/eine-muellverbrennung-durch-die-hintertuer/"}}},{"type":"Feature","geometry":{"type":"Point","coordinates":[12.15723301,48.2597625]},"properties":{"id":"1b7f4452-6fbc-46f4-b35b-d16b9a0ee8f9","name":"Dorfen","operational_status":"under_construction","construction_status":"groundbreaking","data_center_type":"Co-Location","has_protest":false,"size_floor_sqm":7500,"size_power_kw":2400,"owner_type":"Investor","owner_country":"Germany","owner_country_flag":"🇩🇪","estimated_total_energy_consumption_kwh":4555200,"source_attributes":{"data_center_name":"Dorfen","operator_name":"YEXIO","owner_name":"Palladio Partners","guessed_owner_or_investor":"Yexio, Palladio Partners","metro_region":"München","city":"Dorfen","postal_code":"84405","operational_status":"under_construction","construction_status":"groundbreaking","data_center_type":"Co-Location","planned_commission_date":"2027-01-01","owner_type":"Investor","owner_country":"Germany","floor_space_sqm":"7500","estimated_total_power_capacity_kw":"2400","intended_use":"Cloud; Edge; Hyperscale","estimated_total_energy_consumption_kwh":"4555200","sources":"datacenter-insider.de|https://www.datacenter-insider.de/spatenstich-in-dorfen-hier-entsteht-das-dritte-yexio-rechenzentrum-a-82b1b0f4b2ba0b4b1a763ff913e784e7/?cflt=rdt || datacenter-insider.de|https://www.datacenter-insider.de/yexio-rechenzentrum-entsteht-in-dorfen-bei-muenchen-a-84ea1a922c090a4ac2e6f0775b26733a/?cflt=rel || dorfen.de|https://www.dorfen.de/mitteilung/Spatenstich-YEXIO-Rechenzentrum-article3506"}}},{"type":"Feature","geometry":{"type":"Point","coordinates":[10.695,48.0869]},"properties":{"id":"5133bc85-7473-41b6-9f97-96e39f5f54ef","name":"AI Factory Amberg - Phase 1","operational_status":"under_construction","construction_status":"under_construction","data_center_type":"Hyperscale","has_protest":false,"size_floor_sqm":null,"size_power_kw":30000,"owner_type":"Investor","owner_country":"Germany","owner_country_flag":"🇩🇪","estimated_total_energy_consumption_kwh":201830400,"source_attributes":{"data_center_name":"AI Factory Amberg - Phase 1","operator_name":"Polarise Holding GmbH","owner_name":"SWI Capital Holding Ltd.","guessed_owner_or_investor":"Polarise","metro_region":"München","city":"Amberg (Wertachtal)","postal_code":"86854","operational_status":"under_construction","construction_status":"under_construction","data_center_type":"Hyperscale","planned_commission_date":"2027-01-01","owner_type":"Investor","owner_country":"Germany","total_power_capacity_kw":"30000","intended_use":"AI","estimated_total_energy_consumption_kwh":"201830400","sources":"press.siemens.com|https://press.siemens.com/de/de/pressemitteilung/siemens-errichtet-digitale-zukunftsfabrik-amberg || datacenter-insider.de|https://www.datacenter-insider.de/polarise-baut-ai-factory-im-unterallgaeu-a-37c7798a876ee7946b94837764285f64/ || kreisbote.de|https://www.kreisbote.de/lokales/allgaeu/in-unterallgaeuer-gemeinde-amberg-soll-ki-rechenzentrum-mit-enormer-kapazitaet-entstehen-94216828.html || onvista.de|https://www.onvista.de/news/2026/03-10-startup-polarise-plant-weiteres-milliardenschweres-ki-rechenzentrum-in-bayern-0-20-26487926"}}},{"type":"Feature","geometry":{"type":"Point","coordinates":[9.17374464,49.04202937]},"properties":{"id":"25a2fb84-451a-4e63-9369-0731c8770256","name":"KI-Rechenzentrum Neckarwestheim","operational_status":"under_construction","construction_status":"groundbreaking","data_center_type":"Hyperscale","has_protest":false,"size_floor_sqm":25000,"size_power_kw":24062.5,"owner_type":"Enterprise","owner_country":"Germany","owner_country_flag":"🇩🇪","estimated_total_energy_consumption_kwh":24911250,"source_attributes":{"data_center_name":"KI-Rechenzentrum Neckarwestheim","operator_name":"IPAI","owner_name":"Schwarz-Gruppe","guessed_owner_or_investor":"Schwarz-Gruppe, Dieter-Schwarz-Stiftung, Land Baden-Württemberg, Deutsche Telekom, Lidl, Kaufland","metro_region":"Region Heilbronn-Franken","city":"Heilbronn (Neckarwestheim)","postal_code":"74382","operational_status":"under_construction","construction_status":"groundbreaking","data_center_type":"Hyperscale","planned_commission_date":"2027-01-01","owner_type":"Enterprise","owner_country":"Germany","floor_space_sqm":"25000","estimated_total_power_capacity_kw":"24062.5","intended_use":"AI; Cloud","estimated_total_energy_consumption_kwh":"24911250","sources":"tagesschau.de|https://www.tagesschau.de/wirtschaft/ki-zentrum-ipai-100.html || swr.de|https://www.swr.de/swraktuell/baden-wuerttemberg/heilbronn/ki-statt-kernkraft-rechenzentrum-auf-gelaende-akw-neckarwestheim-geplant-100.html || datacenter-insider.de|https://www.datacenter-insider.de/aus-ex-akw-wird-ki-gigarechenzentrum-was-steckt-hinter-der-aussage-von-enbw-a-12b8c06c96e69079130b95340a92754e/ || swr.de|https://www.swr.de/swraktuell/baden-wuerttemberg/heilbronn/heilbronn-ipai-ki-campus-spatenstich-kanzler-dieter-schwarz-stiftung-100.html"}}},{"type":"Feature","geometry":{"type":"Point","coordinates":[8.47041257,49.22551595]},"properties":{"id":"ab4de8df-1da2-438a-aeb0-d5d2d2b2b16f","name":"Engrida","operational_status":"planned","construction_status":"planning","data_center_type":"Co-Location","has_protest":false,"size_floor_sqm":null,"size_power_kw":700000,"owner_type":"Developer","owner_country":"Germany","owner_country_flag":"🇩🇪","estimated_total_energy_consumption_kwh":343392000,"source_attributes":{"data_center_name":"Engrida","operator_name":"Unknown","owner_name":"Wirth Gruppe","guessed_owner_or_investor":"Wirth-Gruppe sucht weiteren Investor.","metro_region":"Rhein-Neckar / Karlsruhe","city":"Philippsburg","postal_code":"76661","operational_status":"planned","construction_status":"planning","data_center_type":"Co-Location","owner_type":"Developer","owner_country":"Germany","total_power_capacity_kw":"700000","intended_use":"Hyperscale","estimated_total_energy_consumption_kwh":"343392000","sources":"energate-messenger.de|https://www.energate-messenger.de/news/263093/philippsburg-wird-standort-fuer-rechenzentrum || swr.de|https://www.swr.de/swraktuell/baden-wuerttemberg/karlsruhe/hyperscale-rechenzentrum-in-philippsburg-geplant-100.html"}}},{"type":"Feature","geometry":{"type":"Point","coordinates":[9.09712772,48.73959603]},"properties":{"id":"e9efd3c4-bddd-417b-8d65-a4c34532ef79","name":"HLRS III","operational_status":"under_construction","construction_status":"foundation_laid","data_center_type":"University","has_protest":false,"size_floor_sqm":4700,"size_power_kw":1316,"owner_type":"University","owner_country":"Germany","owner_country_flag":"🇩🇪","estimated_total_energy_consumption_kwh":5187672,"source_attributes":{"data_center_name":"HLRS III","operator_name":"Universität Stuttgart","owner_name":"Universität Stuttgart","guessed_owner_or_investor":"Universität Stuttgart","metro_region":"Stuttgart","city":"Stuttgart","postal_code":"70569","operational_status":"under_construction","construction_status":"foundation_laid","data_center_type":"University","planned_commission_date":"2027-01-01","owner_type":"University","owner_country":"Germany","floor_space_sqm":"4700","estimated_total_power_capacity_kw":"1316","intended_use":"AI; HPC; Research","estimated_total_energy_consumption_kwh":"5187672","sources":"uni-stuttgart.de|https://www.uni-stuttgart.de/universitaet/aktuelles/meldungen/Grundstein-fuer-Neubau-HLRS-III-gelegt/ || baden-wuerttemberg.de|https://www.baden-wuerttemberg.de/de/service/presse/pressemitteilung/pid/start-fuer-das-hoechstleistungsrechenzentrum-an-der-universitaet-stuttgart-1"}}},{"type":"Feature","geometry":{"type":"Point","coordinates":[9.77743736,49.52821282]},"properties":{"id":"148fe997-135b-425b-9a35-8430c262a77c","name":"Bad Mergentheim","operational_status":"under_construction","construction_status":"groundbreaking","data_center_type":"Enterprise","has_protest":false,"size_floor_sqm":147,"size_power_kw":30.87,"owner_type":null,"owner_country":"Germany","owner_country_flag":"🇩🇪","estimated_total_energy_consumption_kwh":63098.28,"source_attributes":{"data_center_name":"Bad Mergentheim","operator_name":"Data Center Group","owner_name":"Caritas Krankenhaus","guessed_owner_or_investor":"Data Center Group, Caritas Krankenhaus","metro_region":"Heilbronn-Franken","city":"Bad Mergentheim","postal_code":"97922","operational_status":"under_construction","construction_status":"groundbreaking","data_center_type":"Enterprise","planned_commission_date":"2026-01-01","owner_country":"Germany","floor_space_sqm":"147","estimated_total_power_capacity_kw":"30.87","intended_use":"AI","estimated_total_energy_consumption_kwh":"63098.28","sources":"datacenter-insider.de|https://www.datacenter-insider.de/ein-ki-faehiges-rechenzentrum-fuer-die-barmherzigen-brueder-a-e397b6e5b9165f30509e4dc89379fbe3/ || datacentermap.com|https://www.datacentermap.com/germany/bad-mergentheim/caritas-krankenhaus-bad-mergentheim/ || datacenter-group.com|https://datacenter-group.com/de/news-stories/artikel/spatenstich-fuer-neues-rechenzentrum-der-bbt-gruppe/"}}},{"type":"Feature","geometry":{"type":"Point","coordinates":[7.824441,48.347947]},"properties":{"id":"c979324b-e475-425a-946a-08fb159efc54","name":"Lahr","operational_status":"under_construction","construction_status":"topping_out","data_center_type":"Co-Location","has_protest":false,"size_floor_sqm":1020,"size_power_kw":1000,"owner_type":"Operator","owner_country":"Germany","owner_country_flag":"🇩🇪","estimated_total_energy_consumption_kwh":455520,"source_attributes":{"data_center_name":"Lahr","operator_name":"LEITWERK Rechenzentren","owner_name":"Q-Fox","guessed_owner_or_investor":"LEITWERK Rechenzentren Appenweier/Lahr GmbH, ein Joint Venture der E-Werk Mittelbaden AG & Co. KG und der Q-FOX® Gruppe, BADEN CLOUD","metro_region":"Ortenau/Oberrhein","city":"Lahr","postal_code":"77933","operational_status":"under_construction","construction_status":"topping_out","data_center_type":"Co-Location","planned_commission_date":"2027-01-01","owner_type":"Operator","owner_country":"Germany","estimated_floor_space_sqm":"1020","total_power_capacity_kw":"1000","intended_use":"AI; Cloud; Co-Location","estimated_total_energy_consumption_kwh":"455520","sources":"leitwerk.de|https://www.leitwerk.de/blog/bau-des-groessten-rechenzentrums-in-der-region-hat-begonnen/ || e-werk-mittelbaden.de|https://www.e-werk-mittelbaden.de/presse/grundsteinlegung-rechenzentrum-lahr"}}},{"type":"Feature","geometry":{"type":"Point","coordinates":[12.14532376,49.08383562]},"properties":{"id":"9ec91d23-3566-4c00-a081-e185797d7e71","name":"Wenzenbach","operational_status":"planned","construction_status":null,"data_center_type":null,"has_protest":true,"size_floor_sqm":null,"size_power_kw":300000,"owner_type":null,"owner_country":null,"owner_country_flag":null,"estimated_total_energy_consumption_kwh":null,"source_attributes":{"data_center_name":"Wenzenbach","guessed_owner_or_investor":"IGNIS Energy Germany GmBH","city":"Wenzenbach","operational_status":"planned","total_power_capacity_kw":"300000","sources":"mittelbayerische.de|https://www.mittelbayerische.de/nachrichten/wirtschaft/milliarden-investition-in-die-region-giga-rechenzentrum-bei-regensburg-geplant-21404177 || wenzenbach.de|https://www.wenzenbach.de/aktuelles/alle-meldungen/buergerinfogespraech-zum-moeglichen-rechenzentrum-am-18072026-von-9-bis-10-uhr-am-wertstoffhof/ || regensburg.bund-naturschutz.de|https://regensburg.bund-naturschutz.de/aktuelle-meldungen/artikel/petition-gegen-naturzerstoerung-durch-bau-eines-hyperscale-rechenzentrums-in-wenzenbach-bitte-unterschreiben || openpetition.de|https://www.openpetition.de/petition/online/naturzerstoerung-durch-bau-eines-hyperscale-rechenzentrums-in-wenzenbach-verhindern || https://www.bund-nrw.de/presse/detail/news/naturschutzverbaende-wehren-sich-gegen-geplanten-hyperscaler-im-rheinischen-revier/|https://www.bund-nrw.de/presse/detail/news/naturschutzverbaende-wehren-sich-gegen-geplanten-hyperscaler-im-rheinischen-revier/"}}},{"type":"Feature","geometry":{"type":"Point","coordinates":[10.72366252,51.4311767]},"properties":{"id":"4613e89d-46ab-48d7-a755-8ce6eb22b32f","name":"Silicon Hünstein","operational_status":"cancelled","construction_status":null,"data_center_type":null,"has_protest":true,"size_floor_sqm":null,"size_power_kw":200000,"owner_type":null,"owner_country":null,"owner_country_flag":null,"estimated_total_energy_consumption_kwh":null,"source_attributes":{"data_center_name":"Silicon Hünstein","metro_region":"Nordhausen","city":"Bleicherode","postal_code":"99735","operational_status":"cancelled","total_power_capacity_kw":"200000","intended_use":"Hyperscale","sources":"nnz-online.de|https://nnz-online.de/news/news_lang.php?ArtNr=378906 || nnz-online.de|https://nnz-online.de/news/news_lang.php?ArtNr=375642"}}},{"type":"Feature","geometry":{"type":"Point","coordinates":[8.95752019,54.78589241]},"properties":{"id":"5ca37c7b-5612-4c71-bbc0-962c1255c4b7","name":"Datacenter Leck","operational_status":"planned","construction_status":"planning","data_center_type":null,"has_protest":false,"size_floor_sqm":211700,"size_power_kw":25000,"owner_type":"Developer","owner_country":"Unknown","owner_country_flag":"🏳️","estimated_total_energy_consumption_kwh":16425000,"source_attributes":{"data_center_name":"Datacenter Leck","operator_name":"Unknown","owner_name":"Unknown","metro_region":"Nordfriesland/Flensburg","city":"Leck","postal_code":"25917","operational_status":"planned","construction_status":"planning","owner_type":"Developer","owner_country":"Unknown","floor_space_sqm":"211700","total_power_capacity_kw":"25000","estimated_total_energy_consumption_kwh":"16425000","sources":"wfg-nf.de|https://wfg-nf.de/gewerbeflaechen/gewerbegebiet-green-business-park-guenstige-energie/ || shz.de|https://www.shz.de/lokales/niebuell-leck/artikel/millionen-fuer-naturschutz-so-ist-der-stand-beim-datacenter-leck-43842883"}}},{"type":"Feature","geometry":{"type":"Point","coordinates":[5.98712994,50.99308502]},"properties":{"id":"9fbcb090-00ec-4602-86a1-88509294930e","name":"Rechenzentrumscampus Gangelt","operational_status":"paused","construction_status":null,"data_center_type":null,"has_protest":false,"size_floor_sqm":null,"size_power_kw":null,"owner_type":null,"owner_country":null,"owner_country_flag":null,"estimated_total_energy_consumption_kwh":null,"source_attributes":{"data_center_name":"Rechenzentrumscampus Gangelt","guessed_owner_or_investor":"Anonymer Investor, möchte namentlich nicht genannt werden.","metro_region":"Aachen","city":"Gangelt","postal_code":"52538","operational_status":"paused"}}},{"type":"Feature","geometry":{"type":"Point","coordinates":[13.95270705,53.51620156]},"properties":{"id":"f8998662-d9a2-4a85-8fb7-024d1405dcf4","name":"Rechenzentrum Industriepark Berlin-Szczecin","operational_status":"paused","construction_status":null,"data_center_type":null,"has_protest":false,"size_floor_sqm":null,"size_power_kw":null,"owner_type":null,"owner_country":null,"owner_country_flag":null,"estimated_total_energy_consumption_kwh":null,"source_attributes":{"data_center_name":"Rechenzentrum Industriepark Berlin-Szczecin","metro_region":"Vorpommern","city":"Pasewalk","postal_code":"17309","operational_status":"paused"}}},{"type":"Feature","geometry":{"type":"Point","coordinates":[13.07380568,53.90787473]},"properties":{"id":"fc58eef2-e72f-488f-8c7c-9e5f3babf162","name":"Demmin Data Center","operational_status":null,"construction_status":null,"data_center_type":null,"has_protest":false,"size_floor_sqm":null,"size_power_kw":300000,"owner_type":null,"owner_country":null,"owner_country_flag":null,"estimated_total_energy_consumption_kwh":null,"source_attributes":{"data_center_name":"Demmin Data Center","guessed_owner_or_investor":"Climate Change Energy; Noya Group","metro_region":"Vorpommern","city":"Demmin","postal_code":"17109","planned_commission_date":"2030-01-01","total_power_capacity_kw":"300000","intended_use":"AI"}}},{"type":"Feature","geometry":{"type":"Point","coordinates":[8.9511026,49.97236006]},"properties":{"id":"62658852-b198-48d4-a3a7-608e5da09301","name":"Stack Infrastructure – Rechenzentrum Babenhausen","operational_status":"paused","construction_status":null,"data_center_type":null,"has_protest":false,"size_floor_sqm":null,"size_power_kw":null,"owner_type":null,"owner_country":null,"owner_country_flag":null,"estimated_total_energy_consumption_kwh":null,"source_attributes":{"data_center_name":"Stack Infrastructure – Rechenzentrum Babenhausen","guessed_owner_or_investor":"Stack Infrastructure","metro_region":"Rhein-Main","city":"Babenhausen","postal_code":"64832","operational_status":"paused","sources":"op-online.de|https://www.op-online.de/region/babenhausen/rechenzentrum-investor-zieht-sich-von-aumovio-gelaende-zurueck-94385126.html || web.archive.org|https://web.archive.org/web/20260512090843/https://www.datacenter-insider.de/warum-bremst-babenhausen-eine-drei-milliarden-investition-aus-a-c8345638358d80af7eafea8ae27a7e4e/ || op-online.de|https://www.op-online.de/region/babenhausen/streit-um-rechenzentrum-in-babenhausen-auf-aumovio-gelaened-94217234.html"}}},{"type":"Feature","geometry":{"type":"Point","coordinates":[8.76527881,50.2810728]},"properties":{"id":"1a5e0083-9143-4cd8-a46c-d9e8477bddff","name":"Rechenzentrum Wöllstadt","operational_status":"planned","construction_status":null,"data_center_type":null,"has_protest":false,"size_floor_sqm":null,"size_power_kw":null,"owner_type":null,"owner_country":null,"owner_country_flag":null,"estimated_total_energy_consumption_kwh":null,"source_attributes":{"data_center_name":"Rechenzentrum Wöllstadt","metro_region":"Frankfurt","city":"Wöllstadt","postal_code":"61206","operational_status":"planned","planned_commission_date":"2028-01-01","sources":"fnp.de|https://www.fnp.de/lokales/wetteraukreis/woellstadt/rechenzentrum-soll-kommen-93357715.html"}}},{"type":"Feature","geometry":{"type":"Point","coordinates":[8.86164093,50.13400509]},"properties":{"id":"db3157f1-7cb7-4690-bcb3-48d307aa5e03","name":"EdgeConneX Maintal-Dörnigheim","operational_status":"paused","construction_status":null,"data_center_type":null,"has_protest":true,"size_floor_sqm":null,"size_power_kw":170000,"owner_type":null,"owner_country":null,"owner_country_flag":null,"estimated_total_energy_consumption_kwh":null,"source_attributes":{"data_center_name":"EdgeConneX Maintal-Dörnigheim","guessed_owner_or_investor":"Edgeconnex","metro_region":"Frankfurt","city":"Maintal-Dörnigheim","postal_code":"63477","operational_status":"paused","planned_commission_date":"2027-01-01","total_power_capacity_kw":"170000"}}},{"type":"Feature","geometry":{"type":"Point","coordinates":[8.79929773,50.06140735]},"properties":{"id":"9822eea4-bd76-496e-8fcf-25d18c5368c6","name":"EdgeConneX Heusenstamm","operational_status":"under_construction","construction_status":null,"data_center_type":null,"has_protest":false,"size_floor_sqm":null,"size_power_kw":null,"owner_type":null,"owner_country":null,"owner_country_flag":null,"estimated_total_energy_consumption_kwh":null,"source_attributes":{"data_center_name":"EdgeConneX Heusenstamm","guessed_owner_or_investor":"Edgeconnex","metro_region":"Frankfurt","city":"Heusenstamm","postal_code":"63150","operational_status":"under_construction","sources":"datacenter-insider.de|https://www.datacenter-insider.de/zwei-neue-rechenzentren-entstehen-in-heusenstamm-a-296991459bd1bf41b682a66f36281cb0/"}}},{"type":"Feature","geometry":{"type":"Point","coordinates":[8.47180383,50.06911818]},"properties":{"id":"a28c1882-921f-4010-81d3-4d01de945cd1","name":"NTT FRA5 + IONOS Rechenzentren-Campus","operational_status":"paused","construction_status":"under_construction","data_center_type":null,"has_protest":true,"size_floor_sqm":null,"size_power_kw":null,"owner_type":null,"owner_country":null,"owner_country_flag":null,"estimated_total_energy_consumption_kwh":null,"source_attributes":{"data_center_name":"NTT FRA5 + IONOS Rechenzentren-Campus","guessed_owner_or_investor":"Ionos","metro_region":"Frankfurt","city":"Hattersheim","postal_code":"65795","operational_status":"paused","construction_status":"under_construction","intended_use":"Cloud"}}},{"type":"Feature","geometry":{"type":"Point","coordinates":[8.78633402,50.14270726]},"properties":{"id":"73525bf0-1f4d-4561-993f-e7ee9849243c","name":"AWS-Rechenzentrumscampus Maintal-West","operational_status":"paused","construction_status":null,"data_center_type":null,"has_protest":true,"size_floor_sqm":null,"size_power_kw":null,"owner_type":null,"owner_country":null,"owner_country_flag":null,"estimated_total_energy_consumption_kwh":null,"source_attributes":{"data_center_name":"AWS-Rechenzentrumscampus Maintal-West","guessed_owner_or_investor":"Amazon Web Services (AWS)","metro_region":"Frankfurt","city":"Maintal-West","postal_code":"63477","operational_status":"paused","sources":"maintal.de|https://www.maintal.de/maintal-west || hanauer.de|https://www.hanauer.de/region/maintal/stadt-maintal-bekommt-zwei-rechenzentren-93980457.html"}}},{"type":"Feature","geometry":{"type":"Point","coordinates":[8.79288069,50.02318098]},"properties":{"id":"02cc4c16-4006-48a7-9719-7b210f1267a9","name":"Mainova WebHouse Rechenzentrum Dietzenbach [genauer Standort unbekannt]","operational_status":"planned","construction_status":null,"data_center_type":null,"has_protest":false,"size_floor_sqm":null,"size_power_kw":null,"owner_type":null,"owner_country":null,"owner_country_flag":null,"estimated_total_energy_consumption_kwh":null,"source_attributes":{"data_center_name":"Mainova WebHouse Rechenzentrum Dietzenbach [genauer Standort unbekannt]","guessed_owner_or_investor":"Mainova Web House GmbH, Tochter der Mainova AG und Black Rock","metro_region":"Frankfurt","city":"Dietzenbach","postal_code":"63128","operational_status":"planned","sources":"op-online.de|https://www.op-online.de/region/dietzenbach/neues-rechenzentrum-in-suedhessen-mainova-ag-schweigt-zu-bauplaenen-94269315.html || companyhouse.de|https://www.companyhouse.de/PORTAS-DEUTSCHLAND-Folien-GmbH-Co-Fabrikations-KG-Dietzenbach"}}},{"type":"Feature","geometry":{"type":"Point","coordinates":[8.49229043,49.90920306]},"properties":{"id":"ea9bc42a-7210-4053-ab73-6e6090d684b0","name":"Rechenzentrum Groß-Gerau Lausböhl","operational_status":"cancelled","construction_status":null,"data_center_type":null,"has_protest":true,"size_floor_sqm":null,"size_power_kw":160000,"owner_type":null,"owner_country":null,"owner_country_flag":null,"estimated_total_energy_consumption_kwh":null,"source_attributes":{"data_center_name":"Rechenzentrum Groß-Gerau Lausböhl","guessed_owner_or_investor":"Vantage Data Centers","metro_region":"Frankfurt","city":"Groß Gerau","postal_code":"64521","operational_status":"cancelled","total_power_capacity_kw":"160000"}}},{"type":"Feature","geometry":{"type":"Point","coordinates":[13.63274992,52.4832626]},"properties":{"id":"eca5dc05-47d6-4786-b351-fa8984e751df","name":"Rechenzentrum Heidemühle","operational_status":"paused","construction_status":"planning","data_center_type":null,"has_protest":true,"size_floor_sqm":null,"size_power_kw":null,"owner_type":null,"owner_country":null,"owner_country_flag":null,"estimated_total_energy_consumption_kwh":null,"source_attributes":{"data_center_name":"Rechenzentrum Heidemühle","guessed_owner_or_investor":"ZAE Projekt GmbH","metro_region":"Berlin-Brandenburg","city":"Heidemühle/Hoppegarten","postal_code":"15366","operational_status":"paused","construction_status":"planning"}}},{"type":"Feature","geometry":{"type":"Point","coordinates":[13.70294149,52.54030989]},"properties":{"id":"b8f75e87-95d0-4e88-b87a-727c122f3b27","name":"Rechenzentrum Neuenhagen","operational_status":"paused","construction_status":null,"data_center_type":null,"has_protest":false,"size_floor_sqm":null,"size_power_kw":200000,"owner_type":null,"owner_country":null,"owner_country_flag":null,"estimated_total_energy_consumption_kwh":null,"source_attributes":{"data_center_name":"Rechenzentrum Neuenhagen","guessed_owner_or_investor":"Terra Holding GmbH, Betreiber unbekannt","metro_region":"Berlin-Brandenburg","city":"Neuenhagen","postal_code":"15366","operational_status":"paused","total_power_capacity_kw":"200000"}}},{"type":"Feature","geometry":{"type":"Point","coordinates":[13.3736,52.4392]},"properties":{"id":"ad184445-e974-4683-933b-ea4e4a241c30","name":"NTT Berlin [genauer Standort unbekannt]","operational_status":"planned","construction_status":"under_construction","data_center_type":"Co-Location","has_protest":false,"size_floor_sqm":null,"size_power_kw":36000,"owner_type":null,"owner_country":"Japan","owner_country_flag":"🇯🇵","estimated_total_energy_consumption_kwh":42573600,"source_attributes":{"data_center_name":"NTT Berlin [genauer Standort unbekannt]","owner_name":"NTT","guessed_owner_or_investor":"NTT Data, Hochtief, Turner","metro_region":"Berlin","city":"Berlin","postal_code":"12107","address":"Lankwitzer Str. 45","operational_status":"planned","construction_status":"under_construction","data_center_type":"Co-Location","planned_commission_date":"2028-01-01","owner_country":"Japan","total_power_capacity_kw":"36000","estimated_total_energy_consumption_kwh":"42573600","sources":"ch.marketscreener.com|https://ch.marketscreener.com/boerse-nachrichten/hochtief-wird-fuer-ntt-global-data-centers-ein-rechenzentrum-in-berlin-bauen-ce7f5edbd18af222 || datacenter-insider.de|https://www.datacenter-insider.de/ntt-beauftragt-hochtief-mit-rechenzentrumsbau-a-f817d431b85b6aceb97ebeeee2499ea6/ || finanzen.net|https://www.finanzen.net/nachricht/aktien/hochtief-wird-fuer-ntt-global-data-centers-ein-rechenzentrum-in-berlin-bauen-15784406"}}},{"type":"Feature","geometry":{"type":"Point","coordinates":[13.53166785,52.42817611]},"properties":{"id":"aceac848-8c75-4b7f-8aae-ad3c8e4d80d1","name":"Data, Compute & KI-Zentrum ZIB/HZB [genauer Standort unbekannt]","operational_status":"under_construction","construction_status":"planning","data_center_type":null,"has_protest":false,"size_floor_sqm":null,"size_power_kw":null,"owner_type":null,"owner_country":null,"owner_country_flag":null,"estimated_total_energy_consumption_kwh":null,"source_attributes":{"data_center_name":"Data, Compute & KI-Zentrum ZIB/HZB [genauer Standort unbekannt]","guessed_owner_or_investor":"Zuse Institute Berlin (ZIB) und das Helmholtz-Zentrum Berlin (HZB)","metro_region":"Berlin","city":"Berlin","postal_code":"12489","operational_status":"under_construction","construction_status":"planning","intended_use":"AI; Research"}}},{"type":"Feature","geometry":{"type":"Point","coordinates":[13.22578798,52.53713239]},"properties":{"id":"5b51d087-85e1-43e7-8110-012ddb017dbf","name":"BER1 Data Center (DATA CASTLE, Smart District Spandau)","operational_status":"paused","construction_status":null,"data_center_type":null,"has_protest":false,"size_floor_sqm":null,"size_power_kw":40000,"owner_type":null,"owner_country":null,"owner_country_flag":null,"estimated_total_energy_consumption_kwh":null,"source_attributes":{"data_center_name":"BER1 Data Center (DATA CASTLE, Smart District Spandau)","guessed_owner_or_investor":"Data Castle","metro_region":"Berlin","city":"Berlin-Spandau","postal_code":"13629","operational_status":"paused","total_power_capacity_kw":"40000","intended_use":"AI; Cloud; Hyperscale"}}},{"type":"Feature","geometry":{"type":"Point","coordinates":[10.9271497,48.95889071]},"properties":{"id":"335d7e39-4986-4271-8adb-22792b74e6a8","name":"Heidenheim Rechenzentrum","operational_status":"planned","construction_status":"planning","data_center_type":"Co-Location","has_protest":false,"size_floor_sqm":null,"size_power_kw":200000,"owner_type":null,"owner_country":null,"owner_country_flag":null,"estimated_total_energy_consumption_kwh":null,"source_attributes":{"data_center_name":"Heidenheim Rechenzentrum","metro_region":"Nürnberg","city":"Treuchtlingen","postal_code":"91757","operational_status":"planned","construction_status":"planning","data_center_type":"Co-Location","total_power_capacity_kw":"200000","sources":"nn.de|https://www.nn.de/region/weissenburg/geheim-mail-an-soder-heidenheims-burgermeisterin-will-umweltschutzgebiet-bebauen-lassen-1.14158994 || nn.de|https://www.nn.de/region/weissenburg/nach-den-neuigkeiten-aus-heidenheim-wollte-hetzner-online-nicht-nach-ellingen-1.14159117"}}},{"type":"Feature","geometry":{"type":"Point","coordinates":[10.74098068,49.03288952]},"properties":{"id":"c739176f-ba7a-414a-b345-34f5e590e319","name":"unbekannt","operational_status":null,"construction_status":null,"data_center_type":null,"has_protest":false,"size_floor_sqm":null,"size_power_kw":null,"owner_type":null,"owner_country":null,"owner_country_flag":null,"estimated_total_energy_consumption_kwh":null,"source_attributes":{"data_center_name":"unbekannt","metro_region":"Nürnberg","city":"Heidenheim","postal_code":"91719"}}}]}
